#VRML V2.0 utf8
# 3D model generated by easyeda2kicad.py (https://github.com/uPesy/easyeda2kicad.py)

Shape{
    appearance Appearance {
        material  Material 	{
            diffuseColor 1.0 0.9882352941176471 0.9803921568627451
            specularColor 0.5019607843137255 0.49411764705882355 0.49019607843137253
            ambientIntensity 0.9909
            transparency 0.0
            shininess 0.5
        }
    }
    geometry IndexedFaceSet {
        ccw TRUE
        solid FALSE
        coord DEF co Coordinate {
            point [
                -1.2795 0.2441 0.4724, -1.2795 -0.2441 0.4724, -0.5039 0.2441 0.4724, -0.5039 -0.2441 0.4724, -0.8307 0.2559 0.0512, -1.2795 0.2559 0.0512, -0.8307 0.2559 0.2805, -1.2795 0.2559 0.4606, -0.7844 0.2559 0.3268, -0.5158 0.2559 0.4606, -0.5158 0.2559 0.3268, -0.5039 0.2441 0.315, -0.5039 -0.2441 0.315, -0.7795 0.2441 0.315, -0.7795 -0.2441 0.315, -1.2795 -0.2559 0.4606, -1.2795 -0.2559 0.0512, -0.8307 -0.2559 0.0512, -0.5158 -0.2559 0.3268, -0.5158 -0.2559 0.4606, -0.7844 -0.2559 0.3268, -0.8307 -0.2559 0.2805, -1.2913 -0.2441 0.4606, -1.2913 0.2441 0.4606, -1.2913 -0.2441 0.0512, -1.2913 0.2441 0.0512, -0.8189 0.2441 0.2756, -0.8189 -0.2441 0.2756, -0.8189 0.2441 0.0394, -0.8189 -0.2441 0.0394, -0.9877 0.0049 0.0394, -0.9889 -0.0148 0.0394, -0.995 -0.0335 0.0394, -1.1436 -0.0148 0.0394, -1.2795 -0.2441 0.0394, -1.1449 0.0049 0.0394, -1.2795 0.2441 0.0394, -1.1412 0.0243 0.0394, -1.1328 0.0422 0.0394, -1.1375 -0.0335 0.0394, -1.127 -0.0502 0.0394, -1.1126 -0.0637 0.0394, -0.9914 0.0243 0.0394, -0.9998 0.0422 0.0394, -1.0124 0.0574 0.0394, -1.0373 -0.0732 0.0394, -1.02 -0.0637 0.0394, -1.0056 -0.0502 0.0394, -1.0859 0.0763 0.0394, -1.1042 0.069 0.0394, -1.1202 0.0574 0.0394, -1.0953 -0.0732 0.0394, -1.0762 -0.0781 0.0394, -1.0564 -0.0781 0.0394, -1.0283 0.069 0.0394, -1.0467 0.0763 0.0394, -1.0663 0.0787 0.0394
            ]
        }
        coordIndex [
            0,1,2,-1,2,1,3,-1,4,5,6,-1,6,5,7,-1,6,7,8,-1,8,7,9,-1,8,9,10,-1,11,12,13,-1,13,12,14,-1,15,16,17,-1,18,19,20,-1,20,19,15,-1,20,15,21,-1,21,15,17,-1,22,23,24,-1,24,23,25,-1,2,3,11,-1,11,3,12,-1,26,27,28,-1,28,27,29,-1,30,28,31,-1,31,28,29,-1,31,29,32,-1,33,34,35,-1,35,34,36,-1,35,36,37,-1,37,36,38,-1,33,39,34,-1,34,39,40,-1,34,40,41,-1,30,42,28,-1,28,42,43,-1,28,43,44,-1,45,46,29,-1,29,46,47,-1,29,47,32,-1,48,49,36,-1,36,49,50,-1,36,50,38,-1,41,51,34,-1,34,51,52,-1,34,52,29,-1,29,52,53,-1,29,53,45,-1,44,54,28,-1,28,54,55,-1,28,55,36,-1,36,55,56,-1,36,56,48,-1,
        ]
    }
}
Shape{
    appearance Appearance {
        material  Material 	{
            diffuseColor 0.25098039215686274 0.25098039215686274 0.25098039215686274
            specularColor 0.12549019607843137 0.12549019607843137 0.12549019607843137
            ambientIntensity 0.251
            transparency 0.0
            shininess 0.5
        }
    }
    geometry IndexedFaceSet {
        ccw TRUE
        solid FALSE
        coord DEF co Coordinate {
            point [
                -0.7795 0.2441 0.315, -0.7795 -0.2441 0.315, -0.8189 0.2441 0.2756, -0.8189 -0.2441 0.2756
            ]
        }
        coordIndex [
            0,1,2,-1,2,1,3,-1,
        ]
    }
}
Shape{
    appearance Appearance {
        material  Material 	{
            diffuseColor 1.0 1.0 1.0
            specularColor 0.8784313725490196 0.8784313725490196 0.8784313725490196
            ambientIntensity 1.0
            transparency 0.0
            shininess 0.5
        }
    }
    geometry IndexedFaceSet {
        ccw TRUE
        solid FALSE
        coord DEF co Coordinate {
            point [
                -1.0663 0.0787 0.1181, -1.0663 0.0787 0.0394, -1.0467 0.0763 0.1181, -1.0467 0.0763 0.0394, -1.0283 0.069 0.1181, -1.0283 0.069 0.0394, -1.0124 0.0574 0.1181, -1.0124 0.0574 0.0394, -0.9998 0.0422 0.1181, -0.9998 0.0422 0.0394, -0.9914 0.0243 0.1181, -0.9914 0.0243 0.0394, -0.9877 0.0049 0.1181, -0.9877 0.0049 0.0394, -0.9889 -0.0148 0.1181, -0.9889 -0.0148 0.0394, -0.995 -0.0335 0.1181, -0.995 -0.0335 0.0394, -1.0056 -0.0502 0.1181, -1.0056 -0.0502 0.0394, -1.02 -0.0637 0.1181, -1.02 -0.0637 0.0394, -1.0373 -0.0732 0.1181, -1.0373 -0.0732 0.0394, -1.0564 -0.0781 0.1181, -1.0564 -0.0781 0.0394, -1.0762 -0.0781 0.1181, -1.0762 -0.0781 0.0394, -1.0953 -0.0732 0.1181, -1.0953 -0.0732 0.0394, -1.1126 -0.0637 0.1181, -1.1126 -0.0637 0.0394, -1.127 -0.0502 0.1181, -1.127 -0.0502 0.0394, -1.1375 -0.0335 0.1181, -1.1375 -0.0335 0.0394, -1.1436 -0.0148 0.1181, -1.1436 -0.0148 0.0394, -1.1449 0.0049 0.1181, -1.1449 0.0049 0.0394, -1.1412 0.0243 0.1181, -1.1412 0.0243 0.0394, -1.1328 0.0422 0.1181, -1.1328 0.0422 0.0394, -1.1202 0.0574 0.1181, -1.1202 0.0574 0.0394, -1.1042 0.069 0.1181, -1.1042 0.069 0.0394, -1.0859 0.0763 0.1181, -1.0859 0.0763 0.0394, -1.0663 0.0 0.1181
            ]
        }
        coordIndex [
            0,1,2,-1,2,1,3,-1,2,3,4,-1,4,3,5,-1,4,5,6,-1,6,5,7,-1,6,7,8,-1,8,7,9,-1,8,9,10,-1,10,9,11,-1,10,11,12,-1,12,11,13,-1,12,13,14,-1,14,13,15,-1,14,15,16,-1,16,15,17,-1,16,17,18,-1,18,17,19,-1,18,19,20,-1,20,19,21,-1,20,21,22,-1,22,21,23,-1,22,23,24,-1,24,23,25,-1,24,25,26,-1,26,25,27,-1,26,27,28,-1,28,27,29,-1,28,29,30,-1,30,29,31,-1,30,31,32,-1,32,31,33,-1,32,33,34,-1,34,33,35,-1,34,35,36,-1,36,35,37,-1,36,37,38,-1,38,37,39,-1,38,39,40,-1,40,39,41,-1,40,41,42,-1,42,41,43,-1,42,43,44,-1,44,43,45,-1,44,45,46,-1,46,45,47,-1,46,47,48,-1,48,47,49,-1,48,49,0,-1,0,49,1,-1,0,2,50,-1,44,46,50,-1,50,46,48,-1,50,48,0,-1,38,40,50,-1,50,40,42,-1,50,42,44,-1,32,34,50,-1,50,34,36,-1,50,36,38,-1,26,28,50,-1,50,28,30,-1,50,30,32,-1,20,22,50,-1,50,22,24,-1,50,24,26,-1,14,16,50,-1,50,16,18,-1,50,18,20,-1,8,10,50,-1,50,10,12,-1,50,12,14,-1,2,4,50,-1,50,4,6,-1,50,6,8,-1,
        ]
    }
}
Shape{
    appearance Appearance {
        material  Material 	{
            diffuseColor 1.0 0.9882352941176471 0.9803921568627451
            specularColor 0.5019607843137255 0.49411764705882355 0.49019607843137253
            ambientIntensity 0.9909
            transparency 0.0
            shininess 0.5
        }
    }
    geometry IndexedFaceSet {
        ccw TRUE
        solid FALSE
        coord DEF co Coordinate {
            point [
                -0.7806 -0.2515 0.3175, -0.8215 -0.2515 0.2767, -0.8205 -0.25 0.2763, -0.7802 -0.25 0.3166, -0.8201 -0.2492 0.2761, -0.78 -0.2492 0.3161, -0.8193 -0.2471 0.2758, -0.7797 -0.2471 0.3154, -0.8192 -0.2467 0.2757, -0.7797 -0.2467 0.3153, -0.8189 -0.2441 0.2756, -0.7795 -0.2441 0.315, -0.8224 -0.2524 0.277, -0.781 -0.2524 0.3184, -0.8233 -0.2533 0.2774, -0.7814 -0.2533 0.3195, -0.8248 -0.2543 0.2781, -0.782 -0.2543 0.3209, -0.8256 -0.2547 0.2784, -0.7823 -0.2547 0.3217, -0.8277 -0.2555 0.2792, -0.7832 -0.2555 0.3237, -0.8281 -0.2556 0.2794, -0.7833 -0.2556 0.3242, -0.7844 -0.2559 0.3268, -0.8307 -0.2559 0.2805, -0.8189 -0.2441 0.0394, -0.819 -0.2456 0.0395, -0.8193 -0.2472 0.0398, -0.8198 -0.2486 0.0403, -0.8205 -0.25 0.041, -0.8213 -0.2513 0.0418, -0.8224 -0.2524 0.0428, -0.8248 -0.2543 0.0453, -0.8277 -0.2555 0.0481, -0.8307 -0.2559 0.0512, -0.5158 -0.2559 0.3268, -0.5127 -0.2555 0.3237, -0.5098 -0.2543 0.3209, -0.5074 -0.2524 0.3184, -0.5064 -0.2513 0.3174, -0.5055 -0.25 0.3165, -0.5048 -0.2486 0.3159, -0.5043 -0.2472 0.3154, -0.504 -0.2456 0.3151, -0.5039 -0.2441 0.315, -1.2795 -0.2559 0.0512, -1.2795 -0.2555 0.0481, -1.2795 -0.2543 0.0453, -1.2795 -0.2524 0.0428, -1.2795 -0.25 0.041, -1.2795 -0.2472 0.0398, -1.2795 -0.2441 0.0394, -0.5158 -0.2559 0.4606, -0.5127 -0.2555 0.4637, -0.5098 -0.2543 0.4665, -0.5074 -0.2524 0.469, -0.5064 -0.2513 0.47, -0.5039 -0.2441 0.4724, -0.504 -0.2456 0.4723, -0.5043 -0.2472 0.472, -0.5048 -0.2486 0.4715, -0.5055 -0.25 0.4709, -1.2825 -0.2448 0.0398, -1.2826 -0.2441 0.0398, -1.2823 -0.2454 0.0398, -1.2819 -0.246 0.0398, -1.2814 -0.2465 0.0398, -1.2809 -0.2468 0.0398, -1.2802 -0.2471 0.0398, -1.2808 -0.2499 0.041, -1.2814 -0.2522 0.0428, -1.2818 -0.2541 0.0453, -1.2821 -0.2552 0.0481, -1.2822 -0.2556 0.0512, -1.2826 -0.2555 0.0512, -1.2845 -0.2544 0.0481, -1.2847 -0.2547 0.0512, -1.2854 -0.2543 0.0512, -1.2866 -0.253 0.0481, -1.2869 -0.2533 0.0512, -1.2878 -0.2524 0.0512, -1.2885 -0.2512 0.0481, -1.2888 -0.2515 0.0512, -1.2897 -0.25 0.0512, -1.2898 -0.249 0.0481, -1.2902 -0.2492 0.0512, -1.2909 -0.2471 0.0512, -1.2907 -0.2466 0.0481, -1.291 -0.2467 0.0512, -1.2913 -0.2441 0.0512, -1.2909 -0.2441 0.0481, -1.284 -0.2533 0.0453, -1.2859 -0.2521 0.0453, -1.2875 -0.2505 0.0453, -1.2887 -0.2485 0.0453, -1.2895 -0.2464 0.0453, -1.2898 -0.2441 0.0453, -1.2832 -0.2516 0.0428, -1.2847 -0.2506 0.0428, -1.2861 -0.2493 0.0428, -1.2871 -0.2477 0.0428, -1.2877 -0.246 0.0428, -1.2879 -0.2441 0.0428, -1.2821 -0.2494 0.041, -1.2832 -0.2487 0.041, -1.2841 -0.2478 0.041, -1.2849 -0.2467 0.041, -1.2853 -0.2454 0.041, -1.2854 -0.2441 0.041, -1.2795 -0.2441 0.4724, -1.2795 -0.2472 0.472, -1.2795 -0.25 0.4709, -1.2795 -0.2524 0.469, -1.2795 -0.2543 0.4665, -1.2795 -0.2555 0.4637, -1.2795 -0.2559 0.4606, -1.2826 -0.2555 0.4606, -1.2854 -0.2543 0.4606, -1.2879 -0.2524 0.4606, -1.2898 -0.25 0.4606, -1.2909 -0.2472 0.4606, -1.2913 -0.2441 0.4606, -1.2913 0.2441 0.0512, -1.2909 0.2441 0.0481, -1.2898 0.2441 0.0453, -1.2879 0.2441 0.0428, -1.2854 0.2441 0.041, -1.2826 0.2441 0.0398, -1.2795 0.2441 0.0394, -1.2825 -0.2551 0.4637, -1.2825 -0.2492 0.4709, -1.2811 -0.2467 0.472, -1.2817 -0.2463 0.472, -1.2826 -0.2441 0.472, -1.2825 -0.2449 0.472, -1.2803 -0.247 0.472, -1.2811 -0.2498 0.4709, -1.2817 -0.2522 0.469, -1.2837 -0.2483 0.4709, -1.2822 -0.2456 0.472, -1.2846 -0.247 0.4709, -1.2852 -0.2456 0.4709, -1.2854 -0.2441 0.4709, -1.2837 -0.2513 0.469, -1.2854 -0.25 0.469, -1.2868 -0.2483 0.469, -1.2876 -0.2463 0.469, -1.2879 -0.2441 0.469, -1.2822 -0.254 0.4665, -1.2846 -0.253 0.4665, -1.2868 -0.2513 0.4665, -1.2884 -0.2492 0.4665, -1.2894 -0.2467 0.4665, -1.2898 -0.2441 0.4665, -1.2852 -0.254 0.4637, -1.2876 -0.2522 0.4637, -1.2894 -0.2498 0.4637, -1.2906 -0.247 0.4637, -1.2909 -0.2441 0.4637, -1.2909 0.2472 0.0512, -1.2898 0.25 0.0512, -1.2906 0.247 0.0481, -1.2894 0.2498 0.0481, -1.2894 0.2467 0.0453, -1.2884 0.2492 0.0453, -1.2876 0.2463 0.0428, -1.2868 0.2483 0.0428, -1.2852 0.2456 0.041, -1.2846 0.247 0.041, -1.2825 0.2449 0.0398, -1.2822 0.2456 0.0398, -1.2879 0.2524 0.0512, -1.2876 0.2522 0.0481, -1.2868 0.2513 0.0453, -1.2854 0.25 0.0428, -1.2837 0.2483 0.041, -1.2817 0.2463 0.0398, -1.2854 0.2543 0.0512, -1.2826 0.2555 0.0512, -1.2852 0.254 0.0481, -1.2825 0.2551 0.0481, -1.2846 0.253 0.0453, -1.2822 0.254 0.0453, -1.2837 0.2513 0.0428, -1.2817 0.2522 0.0428, -1.2825 0.2492 0.041, -1.2811 0.2498 0.041, -1.2811 0.2467 0.0398, -1.2803 0.247 0.0398, -1.2795 0.2559 0.0512, -1.2795 0.2555 0.0481, -1.2795 0.2543 0.0453, -1.2795 0.2524 0.0428, -1.2795 0.25 0.041, -1.2795 0.2472 0.0398, -0.8189 0.2441 0.0394, -0.819 0.2456 0.0395, -0.8198 0.2486 0.0403, -0.8193 0.2472 0.0398, -0.8224 0.2524 0.0428, -0.8213 0.2513 0.0418, -0.8205 0.25 0.041, -0.8248 0.2543 0.0453, -0.8277 0.2555 0.0481, -0.8307 0.2559 0.0512, -1.2795 0.2441 0.4724, -1.2826 0.2441 0.472, -1.2854 0.2441 0.4709, -1.2879 0.2441 0.469, -1.2898 0.2441 0.4665, -1.2909 0.2441 0.4637, -1.2913 0.2441 0.4606, -1.2795 0.2559 0.4606, -1.2826 0.2555 0.4606, -1.2854 0.2543 0.4606, -1.2879 0.2524 0.4606, -1.2898 0.25 0.4606, -1.2909 0.2472 0.4606, -0.8189 0.2441 0.2756, -0.819 0.2456 0.2756, -0.8193 0.2472 0.2758, -0.8198 0.2486 0.276, -0.8205 0.25 0.2762, -0.8213 0.2513 0.2766, -0.8224 0.2524 0.277, -0.8248 0.2543 0.278, -0.8277 0.2555 0.2792, -0.8307 0.2559 0.2805, -1.2906 0.247 0.4637, -1.2846 0.247 0.4709, -1.2822 0.2456 0.472, -1.2817 0.2463 0.472, -1.2795 0.2472 0.472, -1.2803 0.247 0.472, -1.2825 0.2449 0.472, -1.2852 0.2456 0.4709, -1.2876 0.2463 0.469, -1.2837 0.2483 0.4709, -1.2811 0.2467 0.472, -1.2825 0.2492 0.4709, -1.2811 0.2498 0.4709, -1.2795 0.25 0.4709, -1.2868 0.2483 0.469, -1.2854 0.25 0.469, -1.2837 0.2513 0.469, -1.2817 0.2522 0.469, -1.2795 0.2524 0.469, -1.2894 0.2467 0.4665, -1.2884 0.2492 0.4665, -1.2868 0.2513 0.4665, -1.2846 0.253 0.4665, -1.2822 0.254 0.4665, -1.2795 0.2543 0.4665, -1.2894 0.2498 0.4637, -1.2876 0.2522 0.4637, -1.2852 0.254 0.4637, -1.2825 0.2551 0.4637, -1.2795 0.2555 0.4637, -0.7796 0.2456 0.3151, -0.7795 0.2441 0.315, -0.7797 0.2472 0.3154, -0.7799 0.2486 0.3159, -0.7802 0.25 0.3165, -0.7805 0.2513 0.3174, -0.781 0.2524 0.3184, -0.782 0.2543 0.3209, -0.7832 0.2555 0.3237, -0.7844 0.2559 0.3268, -0.5158 0.2559 0.4606, -0.5127 0.2555 0.4637, -0.5098 0.2543 0.4665, -0.5074 0.2524 0.469, -0.5064 0.2513 0.47, -0.5055 0.25 0.4709, -0.5048 0.2486 0.4715, -0.5043 0.2472 0.472, -0.504 0.2456 0.4723, -0.5039 0.2441 0.4724, -0.5074 0.2524 0.3184, -0.5039 0.2441 0.315, -0.504 0.2456 0.3151, -0.5043 0.2472 0.3154, -0.5048 0.2486 0.3159, -0.5055 0.25 0.3165, -0.5064 0.2513 0.3174, -0.5098 0.2543 0.3209, -0.5127 0.2555 0.3237, -0.5158 0.2559 0.3268
            ]
        }
        coordIndex [
            0,1,2,-1,0,2,3,-1,3,2,4,-1,3,4,5,-1,5,4,6,-1,5,6,7,-1,7,6,8,-1,7,8,9,-1,9,8,10,-1,9,10,11,-1,1,0,12,-1,12,0,13,-1,12,13,14,-1,14,13,15,-1,14,15,16,-1,16,15,17,-1,16,17,18,-1,18,17,19,-1,18,19,20,-1,20,19,21,-1,20,21,22,-1,21,23,22,-1,22,23,24,-1,22,24,25,-1,26,10,27,-1,27,10,8,-1,27,8,28,-1,28,8,6,-1,28,6,29,-1,29,6,4,-1,29,4,30,-1,30,4,2,-1,30,2,31,-1,31,2,32,-1,2,1,32,-1,32,1,12,-1,32,12,33,-1,12,14,33,-1,33,14,16,-1,33,16,34,-1,16,18,34,-1,34,18,20,-1,34,20,35,-1,35,20,22,-1,35,22,25,-1,36,24,23,-1,36,23,37,-1,23,21,37,-1,37,21,19,-1,37,19,38,-1,19,17,38,-1,38,17,15,-1,38,15,39,-1,39,15,13,-1,39,13,40,-1,40,13,0,-1,40,0,41,-1,41,0,3,-1,41,3,42,-1,42,3,5,-1,42,5,43,-1,43,5,7,-1,43,7,44,-1,44,7,9,-1,44,9,45,-1,45,9,11,-1,35,46,47,-1,35,47,34,-1,34,47,48,-1,34,48,33,-1,33,48,49,-1,33,49,32,-1,32,49,31,-1,31,49,50,-1,31,50,30,-1,30,50,29,-1,29,50,51,-1,29,51,28,-1,28,51,27,-1,27,51,52,-1,27,52,26,-1,53,36,37,-1,53,37,54,-1,54,37,38,-1,54,38,55,-1,55,38,39,-1,55,39,56,-1,56,39,57,-1,57,39,40,-1,57,40,41,-1,45,58,44,-1,44,58,59,-1,44,59,43,-1,43,59,60,-1,43,60,42,-1,42,60,61,-1,42,61,41,-1,41,61,62,-1,41,62,57,-1,63,64,52,-1,63,52,65,-1,66,65,52,-1,67,66,52,-1,68,67,52,-1,69,68,52,-1,51,69,52,-1,51,50,70,-1,50,49,71,-1,49,48,72,-1,48,47,73,-1,47,46,74,-1,47,74,73,-1,73,74,75,-1,73,75,76,-1,75,77,76,-1,76,77,78,-1,76,78,79,-1,78,80,79,-1,79,80,81,-1,79,81,82,-1,81,83,82,-1,82,83,84,-1,82,84,85,-1,84,86,85,-1,85,86,87,-1,85,87,88,-1,87,89,88,-1,88,89,90,-1,88,90,91,-1,48,73,72,-1,72,73,76,-1,72,76,92,-1,92,76,79,-1,92,79,93,-1,93,79,82,-1,93,82,94,-1,94,82,85,-1,94,85,95,-1,95,85,88,-1,95,88,96,-1,96,88,91,-1,96,91,97,-1,49,72,71,-1,71,72,92,-1,71,92,98,-1,98,92,93,-1,98,93,99,-1,99,93,94,-1,99,94,100,-1,100,94,95,-1,100,95,101,-1,101,95,96,-1,101,96,102,-1,102,96,97,-1,102,97,103,-1,50,71,70,-1,70,71,98,-1,70,98,104,-1,104,98,99,-1,104,99,105,-1,105,99,100,-1,105,100,106,-1,106,100,101,-1,106,101,107,-1,107,101,102,-1,107,102,108,-1,108,102,103,-1,108,103,109,-1,51,70,69,-1,69,70,104,-1,69,104,68,-1,68,104,105,-1,68,105,67,-1,67,105,106,-1,67,106,66,-1,66,106,107,-1,66,107,65,-1,65,107,108,-1,65,108,63,-1,63,108,109,-1,63,109,64,-1,58,110,59,-1,59,110,111,-1,112,61,111,-1,111,61,60,-1,111,60,59,-1,56,57,112,-1,112,57,62,-1,112,62,61,-1,112,113,56,-1,56,113,114,-1,56,114,55,-1,55,114,115,-1,55,115,54,-1,54,115,116,-1,54,116,53,-1,74,46,116,-1,74,116,75,-1,75,116,117,-1,75,117,77,-1,77,117,78,-1,78,117,118,-1,78,118,80,-1,80,118,81,-1,81,118,119,-1,81,119,83,-1,83,119,120,-1,83,120,84,-1,84,120,86,-1,86,120,121,-1,86,121,87,-1,87,121,89,-1,89,121,122,-1,89,122,90,-1,90,123,124,-1,90,124,91,-1,91,124,125,-1,91,125,97,-1,97,125,126,-1,97,126,103,-1,103,126,127,-1,103,127,109,-1,109,127,128,-1,109,128,64,-1,64,128,129,-1,64,129,52,-1,116,115,130,-1,131,132,133,-1,110,134,135,-1,133,132,110,-1,136,110,132,-1,136,132,137,-1,137,132,131,-1,137,131,138,-1,111,110,136,-1,139,140,141,-1,141,140,135,-1,141,135,142,-1,142,135,134,-1,142,134,143,-1,111,136,112,-1,112,136,137,-1,112,137,113,-1,113,137,138,-1,113,138,114,-1,144,139,145,-1,145,139,141,-1,145,141,146,-1,146,141,142,-1,146,142,147,-1,147,142,143,-1,147,143,148,-1,149,144,150,-1,150,144,145,-1,150,145,151,-1,151,145,146,-1,151,146,152,-1,152,146,147,-1,152,147,153,-1,153,147,148,-1,153,148,154,-1,115,149,130,-1,130,149,150,-1,130,150,155,-1,155,150,151,-1,155,151,156,-1,156,151,152,-1,156,152,157,-1,157,152,153,-1,157,153,158,-1,158,153,154,-1,158,154,159,-1,116,130,117,-1,117,130,155,-1,117,155,118,-1,118,155,156,-1,118,156,119,-1,119,156,157,-1,119,157,120,-1,120,157,158,-1,120,158,121,-1,121,158,159,-1,121,159,122,-1,140,110,135,-1,115,114,149,-1,149,114,138,-1,149,138,144,-1,144,138,131,-1,144,131,139,-1,139,131,133,-1,139,133,140,-1,140,133,110,-1,160,161,162,-1,162,161,163,-1,162,163,164,-1,164,163,165,-1,164,165,166,-1,166,165,167,-1,166,167,168,-1,168,167,169,-1,168,169,170,-1,170,169,171,-1,170,171,129,-1,161,172,163,-1,163,172,173,-1,163,173,165,-1,165,173,174,-1,165,174,167,-1,167,174,175,-1,167,175,169,-1,169,175,176,-1,169,176,171,-1,171,176,177,-1,171,177,129,-1,123,160,124,-1,124,160,162,-1,124,162,125,-1,125,162,164,-1,125,164,126,-1,126,164,166,-1,126,166,127,-1,127,166,168,-1,127,168,128,-1,128,168,170,-1,128,170,129,-1,178,179,180,-1,180,179,181,-1,180,181,182,-1,182,181,183,-1,182,183,184,-1,184,183,185,-1,184,185,186,-1,186,185,187,-1,186,187,188,-1,188,187,189,-1,188,189,129,-1,179,190,181,-1,181,190,191,-1,181,191,183,-1,183,191,192,-1,183,192,185,-1,185,192,193,-1,185,193,187,-1,187,193,194,-1,187,194,189,-1,189,194,195,-1,189,195,129,-1,172,178,173,-1,173,178,180,-1,173,180,174,-1,174,180,182,-1,174,182,175,-1,175,182,184,-1,175,184,176,-1,176,184,186,-1,176,186,177,-1,177,186,188,-1,177,188,129,-1,196,129,197,-1,197,129,195,-1,194,198,195,-1,195,198,199,-1,195,199,197,-1,200,201,194,-1,194,201,202,-1,194,202,198,-1,194,193,200,-1,200,193,192,-1,200,192,203,-1,203,192,191,-1,203,191,204,-1,204,191,190,-1,204,190,205,-1,110,206,207,-1,110,207,134,-1,134,207,208,-1,134,208,143,-1,143,208,209,-1,143,209,148,-1,148,209,210,-1,148,210,154,-1,154,210,211,-1,154,211,159,-1,159,211,212,-1,159,212,122,-1,213,190,179,-1,213,179,214,-1,214,179,178,-1,214,178,215,-1,215,178,172,-1,215,172,216,-1,216,172,161,-1,216,161,217,-1,217,161,160,-1,217,160,218,-1,218,160,123,-1,218,123,212,-1,219,196,197,-1,219,197,220,-1,220,197,199,-1,220,199,221,-1,221,199,198,-1,221,198,222,-1,222,198,202,-1,222,202,223,-1,223,202,201,-1,223,201,224,-1,224,201,200,-1,224,200,225,-1,225,200,203,-1,225,203,226,-1,226,203,204,-1,226,204,227,-1,227,204,205,-1,227,205,228,-1,212,211,229,-1,230,231,232,-1,206,233,234,-1,232,231,206,-1,235,206,231,-1,235,231,236,-1,236,231,230,-1,236,230,237,-1,207,206,235,-1,238,239,240,-1,240,239,234,-1,240,234,241,-1,241,234,233,-1,241,233,242,-1,207,235,208,-1,208,235,236,-1,208,236,209,-1,209,236,237,-1,209,237,210,-1,243,238,244,-1,244,238,240,-1,244,240,245,-1,245,240,241,-1,245,241,246,-1,246,241,242,-1,246,242,247,-1,248,243,249,-1,249,243,244,-1,249,244,250,-1,250,244,245,-1,250,245,251,-1,251,245,246,-1,251,246,252,-1,252,246,247,-1,252,247,253,-1,211,248,229,-1,229,248,249,-1,229,249,254,-1,254,249,250,-1,254,250,255,-1,255,250,251,-1,255,251,256,-1,256,251,252,-1,256,252,257,-1,257,252,253,-1,257,253,258,-1,212,229,218,-1,218,229,254,-1,218,254,217,-1,217,254,255,-1,217,255,216,-1,216,255,256,-1,216,256,215,-1,215,256,257,-1,215,257,214,-1,214,257,258,-1,214,258,213,-1,239,206,234,-1,211,210,248,-1,248,210,237,-1,248,237,243,-1,243,237,230,-1,243,230,238,-1,238,230,232,-1,238,232,239,-1,239,232,206,-1,259,260,219,-1,219,220,259,-1,259,220,221,-1,259,221,261,-1,261,221,262,-1,221,222,262,-1,262,222,223,-1,262,223,263,-1,263,223,264,-1,223,224,264,-1,264,224,225,-1,264,225,265,-1,265,225,226,-1,265,226,266,-1,266,226,227,-1,266,227,267,-1,267,227,228,-1,267,228,268,-1,269,213,258,-1,269,258,270,-1,270,258,253,-1,270,253,271,-1,271,253,247,-1,271,247,272,-1,272,247,273,-1,273,247,242,-1,273,242,274,-1,274,242,275,-1,275,242,233,-1,275,233,276,-1,276,233,277,-1,277,233,206,-1,277,206,278,-1,263,264,279,-1,280,260,281,-1,281,260,259,-1,281,259,282,-1,282,259,261,-1,282,261,283,-1,283,261,262,-1,283,262,284,-1,284,262,263,-1,284,263,285,-1,285,263,279,-1,264,265,279,-1,279,265,266,-1,279,266,286,-1,286,266,267,-1,286,267,287,-1,287,267,268,-1,287,268,288,-1,272,286,271,-1,271,286,287,-1,271,287,270,-1,270,287,288,-1,270,288,269,-1,278,280,277,-1,277,280,281,-1,277,281,276,-1,276,281,282,-1,276,282,275,-1,275,282,283,-1,275,283,274,-1,274,283,284,-1,274,284,273,-1,273,284,285,-1,273,285,272,-1,272,285,279,-1,272,279,286,-1,
        ]
    }
}
Shape{
    appearance Appearance {
        material  Material 	{
            diffuseColor 1.0 1.0 1.0
            specularColor 0.5019607843137255 0.5019607843137255 0.5019607843137255
            ambientIntensity 1.0
            transparency 0.0
            shininess 0.5
        }
    }
    geometry IndexedFaceSet {
        ccw TRUE
        solid FALSE
        coord DEF co Coordinate {
            point [
                0.7559 0.315 0.0591, 0.7559 0.4724 0.0591, 0.2835 0.315 0.0591, 0.2835 0.4724 0.0591, 0.7559 0.315 0.0, 0.2835 0.315 0.0, 0.7559 0.4724 0.0, 0.2835 0.4724 0.0, 0.7559 -0.4724 0.0591, 0.7559 -0.315 0.0591, 0.2835 -0.4724 0.0591, 0.2835 -0.315 0.0591, 0.7559 -0.4724 0.0, 0.2835 -0.4724 0.0, 0.7559 -0.315 0.0, 0.2835 -0.315 0.0, 0.7559 -0.0787 0.0591, 0.7559 0.0787 0.0591, 0.2835 -0.0787 0.0591, 0.2835 0.0787 0.0591, 0.7559 -0.0787 0.0, 0.2835 -0.0787 0.0, 0.7559 0.0787 0.0, 0.2835 0.0787 0.0
            ]
        }
        coordIndex [
            0,1,2,-1,2,1,3,-1,4,0,5,-1,5,0,2,-1,6,4,7,-1,7,4,5,-1,1,6,3,-1,3,6,7,-1,4,6,0,-1,0,6,1,-1,7,5,3,-1,3,5,2,-1,8,9,10,-1,10,9,11,-1,12,8,13,-1,13,8,10,-1,14,12,15,-1,15,12,13,-1,9,14,11,-1,11,14,15,-1,12,14,8,-1,8,14,9,-1,15,13,11,-1,11,13,10,-1,16,17,18,-1,18,17,19,-1,20,16,21,-1,21,16,18,-1,22,20,23,-1,23,20,21,-1,17,22,19,-1,19,22,23,-1,20,22,16,-1,16,22,17,-1,23,21,19,-1,19,21,18,-1,
        ]
    }
}
Shape{
    appearance Appearance {
        material  Material 	{
            diffuseColor 0.25098039215686274 0.25098039215686274 0.25098039215686274
            specularColor 0.12549019607843137 0.12549019607843137 0.12549019607843137
            ambientIntensity 0.251
            transparency 0.0
            shininess 0.5
        }
    }
    geometry IndexedFaceSet {
        ccw TRUE
        solid FALSE
        coord DEF co Coordinate {
            point [
                -0.4882 -0.9646 0.2087, -0.4882 -0.9055 0.2087, -0.4882 -0.9055 0.4724, -0.4882 -0.9528 0.5198, -0.4882 -0.9635 0.5059, -0.4882 -0.748 0.4724, -0.4882 -0.748 0.5394, -0.4882 -0.9055 0.5394, -0.4882 -0.9228 0.5371, -0.4882 -0.939 0.5304, -0.4882 -0.9722 0.2145, -0.4882 -0.9714 0.2126, -0.4882 -0.9702 0.4898, -0.4882 -0.9724 0.4724, -0.4882 -0.9724 0.2165, -0.4882 -0.9701 0.211, -0.4882 -0.9685 0.2097, -0.4882 -0.9666 0.2089, -0.4882 0.9055 0.4724, -0.4882 0.9528 0.5198, -0.4882 0.939 0.5304, -0.4882 0.748 0.5394, -0.4882 0.748 0.4724, -0.4882 0.9055 0.5394, -0.4882 0.9228 0.5371, -0.4882 0.9724 0.4724, -0.4882 0.9702 0.4898, -0.4882 0.9635 0.5059, -0.4882 0.9714 0.2126, -0.4882 0.9666 0.2089, -0.4882 0.9701 0.211, -0.4882 0.9685 0.2097, -0.4882 0.9055 0.2087, -0.4882 0.9646 0.2087, -0.4882 0.9724 0.2165, -0.4882 0.9722 0.2145, 0.1496 0.9646 0.2087, 0.1496 0.9055 0.2087, 0.1496 0.9055 0.4724, 0.1496 0.9528 0.5198, 0.1496 0.9635 0.5059, 0.1496 0.748 0.4724, 0.1496 0.748 0.5394, 0.1496 0.9055 0.5394, 0.1496 0.9228 0.5371, 0.1496 0.939 0.5304, 0.1496 0.9702 0.4898, 0.1496 0.9724 0.4724, 0.1496 0.9724 0.2165, 0.1496 0.9666 0.2089, 0.1496 0.9722 0.2145, 0.1496 0.9714 0.2126, 0.1496 0.9701 0.211, 0.1496 0.9685 0.2097, 0.1496 -0.9635 0.5059, 0.1496 -0.9528 0.5198, 0.1496 -0.9055 0.4724, 0.1496 -0.939 0.5304, 0.1496 -0.748 0.5394, 0.1496 -0.748 0.4724, 0.1496 -0.9055 0.5394, 0.1496 -0.9228 0.5371, 0.1496 -0.9722 0.2145, 0.1496 -0.9724 0.2165, 0.1496 -0.9646 0.2087, 0.1496 -0.9724 0.4724, 0.1496 -0.9055 0.2087, 0.1496 -0.9702 0.4898, 0.1496 -0.9685 0.2097, 0.1496 -0.9701 0.211, 0.1496 -0.9714 0.2126, 0.1496 -0.9666 0.2089, -0.5039 -0.5906 0.4724, -0.7008 -0.5906 0.4724, -0.7008 -0.748 0.4724, 0.2835 0.748 0.4724, 0.2835 -0.748 0.4724, -0.7008 0.748 0.4724, -0.7008 0.5906 0.4724, -0.5039 0.5906 0.4724, 0.3425 0.1315 0.0, 0.3425 0.0787 0.0, 0.2835 0.0787 0.0, 0.3425 -0.0787 0.0, 0.3425 -0.315 0.0, 0.2835 -0.0787 0.0, 0.2835 -0.315 0.0, -0.18 0.132 0.0, -0.1877 0.1315 0.0, -0.18 0.1406 0.0, -0.1877 0.2953 0.0, -0.1781 0.2021 0.0, -0.1781 0.2107 0.0, -0.1377 0.132 0.0, -0.1377 0.2107 0.0, -0.1224 0.1447 0.0, -0.1224 0.1361 0.0, -0.114 0.1326 0.0, -0.106 0.1315 0.0, 0.3425 0.315 0.0, 0.2835 0.315 0.0, 0.0866 0.2953 0.0, 0.2835 0.4724 0.0, 0.0866 0.8858 0.0, 0.3425 0.4724 0.0, 0.3425 0.8858 0.0, -0.1483 0.1675 0.0, -0.1483 0.1406 0.0, -0.1761 0.1675 0.0, -0.1761 0.1761 0.0, -0.1483 0.1761 0.0, -0.1483 0.2021 0.0, -0.0167 0.132 0.0, -0.0961 0.1315 0.0, -0.0571 0.132 0.0, -0.091 0.132 0.0, -0.0834 0.1346 0.0, -0.1029 0.131 0.0, -0.1007 0.131 0.0, -0.0167 0.2107 0.0, -0.0273 0.2107 0.0, -0.0962 0.2022 0.0, -0.0903 0.2 0.0, -0.121 0.1439 0.0, -0.0848 0.1964 0.0, -0.0801 0.1911 0.0, -0.0744 0.1705 0.0, -0.0752 0.162 0.0, -0.0773 0.1552 0.0, -0.0948 0.1405 0.0, -0.1022 0.1397 0.0, -0.0891 0.1426 0.0, -0.0843 0.1458 0.0, -0.0806 0.1497 0.0, -0.1126 0.1408 0.0, -0.068 0.19 0.0, -0.0726 0.1973 0.0, -0.0768 0.1851 0.0, -0.0747 0.1766 0.0, -0.1224 0.198 0.0, -0.1135 0.2018 0.0, -0.1039 0.203 0.0, -0.077 0.1387 0.0, -0.0711 0.1449 0.0, -0.0571 0.1406 0.0, -0.0669 0.1524 0.0, -0.0273 0.1406 0.0, -0.1038 0.2117 0.0, -0.1133 0.211 0.0, -0.1224 0.2086 0.0, -0.0646 0.1607 0.0, -0.0638 0.1699 0.0, -0.0649 0.1811 0.0, -0.0797 0.2042 0.0, -0.0872 0.2085 0.0, -0.0959 0.211 0.0, -0.6811 0.8858 0.0, -0.4252 0.8858 0.0, -0.6811 0.1315 0.0, -0.4252 0.2953 0.0, -0.2645 0.132 0.0, -0.2548 0.1536 0.0, -0.2503 0.1465 0.0, -0.2438 0.1403 0.0, -0.2356 0.1355 0.0, -0.2265 0.1328 0.0, -0.324 0.132 0.0, -0.3356 0.132 0.0, -0.3048 0.2107 0.0, -0.2943 0.2107 0.0, -0.2168 0.132 0.0, -0.1954 0.132 0.0, -0.1954 0.2107 0.0, -0.2176 0.2107 0.0, -0.2468 0.2004 0.0, -0.2524 0.1943 0.0, -0.256 0.1875 0.0, -0.276 0.132 0.0, -0.2835 0.1541 0.0, -0.3161 0.1541 0.0, -0.229 0.2095 0.0, -0.2382 0.2063 0.0, -0.2467 0.2005 0.0, -0.2582 0.1797 0.0, -0.2587 0.1723 0.0, -0.2576 0.1618 0.0, -0.4252 -0.8858 0.0, -0.6811 -0.8858 0.0, -0.4252 -0.2953 0.0, -0.1877 -0.2953 0.0, 0.0866 -0.2953 0.0, 0.0866 -0.8858 0.0, 0.2835 -0.4724 0.0, 0.3425 -0.8858 0.0, 0.3425 -0.4724 0.0, 0.3476 -0.4724 0.0007, 0.3476 -0.8909 0.0007, 0.3524 -0.4724 0.0026, 0.3524 -0.8957 0.0026, 0.3564 -0.4724 0.0058, 0.3564 -0.8997 0.0058, 0.3581 -0.9014 0.0077, 0.3596 -0.4724 0.0098, 0.3596 -0.9029 0.0098, 0.3607 -0.904 0.0122, 0.3615 -0.4724 0.0146, 0.3615 -0.9048 0.0146, 0.362 -0.9053 0.0171, 0.3622 -0.4724 0.0197, 0.3622 -0.9055 0.0197, 0.3476 -0.0787 0.0007, 0.3476 -0.315 0.0007, 0.3524 -0.0787 0.0026, 0.3524 -0.315 0.0026, 0.3564 -0.0787 0.0058, 0.3564 -0.315 0.0058, 0.3596 -0.0787 0.0098, 0.3596 -0.315 0.0098, 0.3615 -0.0787 0.0146, 0.3615 -0.315 0.0146, 0.3622 -0.0787 0.0197, 0.3622 -0.315 0.0197, 0.3476 0.315 0.0007, 0.3476 0.0787 0.0007, 0.3524 0.315 0.0026, 0.3524 0.0787 0.0026, 0.3564 0.315 0.0058, 0.3564 0.0787 0.0058, 0.3596 0.315 0.0098, 0.3596 0.0787 0.0098, 0.3615 0.315 0.0146, 0.3615 0.0787 0.0146, 0.3622 0.315 0.0197, 0.3622 0.0787 0.0197, 0.0669 0.689 0.0197, 0.0669 0.689 0.0787, 0.0669 0.8661 0.0197, 0.0669 0.8661 0.0787, -0.4055 0.4921 0.0197, -0.4055 0.4921 0.0787, -0.4055 0.315 0.0197, -0.4055 0.315 0.0787, 0.0669 -0.4921 0.0197, 0.0669 -0.4921 0.0787, 0.0669 -0.315 0.0197, 0.0669 -0.315 0.0787, -0.4055 -0.689 0.0197, -0.4055 -0.689 0.0787, -0.4055 -0.8661 0.0197, -0.4055 -0.8661 0.0787, -0.5 -0.9055 0.1969, -0.7008 -0.9055 0.1969, -0.7008 -0.9055 0.0197, -0.4886 -0.9055 0.2056, -0.4898 -0.9055 0.2028, 0.1512 -0.9055 0.2028, 0.1584 -0.9055 0.1973, 0.1555 -0.9055 0.1984, 0.1531 -0.9055 0.2003, 0.1614 -0.9055 0.1969, 0.3622 -0.9055 0.1969, 0.15 -0.9055 0.2056, -0.4917 -0.9055 0.2003, -0.4941 -0.9055 0.1984, -0.4969 -0.9055 0.1973, -0.4917 0.9055 0.2003, -0.4898 0.9055 0.2028, 0.1512 0.9055 0.2028, 0.15 0.9055 0.2056, -0.4886 0.9055 0.2056, -0.7008 0.9055 0.0197, 0.1531 0.9055 0.2003, 0.1555 0.9055 0.1984, 0.1584 0.9055 0.1973, 0.3622 0.9055 0.0197, 0.1614 0.9055 0.1969, 0.3622 0.9055 0.1969, -0.7008 0.9055 0.1969, -0.5 0.9055 0.1969, -0.4969 0.9055 0.1973, -0.4941 0.9055 0.1984, -0.2657 -0.689 0.0787, -0.2657 -0.689 0.0039, -0.4062 -0.689 0.0146, -0.4082 -0.689 0.0098, -0.4113 -0.689 0.0058, -0.4134 -0.689 0.0039, 0.0696 -0.689 0.0098, -0.0729 -0.689 0.0039, 0.0727 -0.689 0.0058, 0.0748 -0.689 0.0039, 0.0669 -0.689 0.0787, -0.0729 -0.689 0.0787, 0.0669 -0.689 0.0197, 0.0676 -0.689 0.0146, -0.0729 -0.4921 0.0787, -0.0729 -0.4921 0.0039, 0.0676 -0.4921 0.0146, 0.0696 -0.4921 0.0098, 0.0727 -0.4921 0.0058, 0.0748 -0.4921 0.0039, -0.4082 -0.4921 0.0098, -0.2657 -0.4921 0.0039, -0.4113 -0.4921 0.0058, -0.4134 -0.4921 0.0039, -0.4055 -0.4921 0.0787, -0.2657 -0.4921 0.0787, -0.4055 -0.4921 0.0197, -0.4062 -0.4921 0.0146, -0.05 -0.6594 0.0039, -0.0719 -0.688 0.0039, -0.0719 -0.4931 0.0039, -0.05 -0.5217 0.0039, -0.0362 -0.6262 0.0039, -0.0315 -0.5906 0.0039, -0.0362 -0.5549 0.0039, -0.2657 0.4921 0.0787, -0.2657 0.4921 0.0039, -0.4062 0.4921 0.0146, -0.4082 0.4921 0.0098, -0.4113 0.4921 0.0058, -0.4134 0.4921 0.0039, 0.0696 0.4921 0.0098, -0.0729 0.4921 0.0039, 0.0727 0.4921 0.0058, 0.0748 0.4921 0.0039, 0.0669 0.4921 0.0787, -0.0729 0.4921 0.0787, 0.0669 0.4921 0.0197, 0.0676 0.4921 0.0146, 0.0676 0.689 0.0146, 0.0696 0.689 0.0098, -0.0729 0.689 0.0039, 0.0727 0.689 0.0058, 0.0748 0.689 0.0039, -0.0729 0.689 0.0787, -0.4082 0.689 0.0098, -0.2657 0.689 0.0039, -0.4113 0.689 0.0058, -0.4134 0.689 0.0039, -0.4055 0.689 0.0787, -0.2657 0.689 0.0787, -0.4055 0.689 0.0197, -0.4062 0.689 0.0146, -0.0719 0.4931 0.0039, -0.05 0.5217 0.0039, -0.0362 0.5549 0.0039, -0.0315 0.5906 0.0039, -0.0362 0.6262 0.0039, -0.05 0.6594 0.0039, -0.0719 0.688 0.0039, 0.0669 -0.8661 0.0197, 0.0669 -0.8661 0.0787, -0.4055 -0.315 0.0197, -0.4055 -0.315 0.0787, -0.205 -0.7237 0.0787, -0.1693 -0.7283 0.0787, -0.2382 -0.7099 0.0787, -0.1004 -0.7099 0.0787, -0.1336 -0.7237 0.0787, -0.1336 -0.4575 0.0787, -0.1693 -0.4528 0.0787, -0.1004 -0.4712 0.0787, -0.2382 -0.4712 0.0787, -0.205 -0.4575 0.0787, 0.0669 0.315 0.0197, 0.0669 0.315 0.0787, -0.4055 0.8661 0.0197, -0.4055 0.8661 0.0787, -0.205 0.4575 0.0787, -0.1693 0.4528 0.0787, -0.1004 0.4712 0.0787, -0.1336 0.4575 0.0787, -0.2382 0.4712 0.0787, -0.1336 0.7237 0.0787, -0.1693 0.7283 0.0787, -0.2382 0.7099 0.0787, -0.205 0.7237 0.0787, -0.1004 0.7099 0.0787, -0.7008 -0.9055 0.5512, -0.7008 -0.748 0.5512, -0.7008 -0.9843 0.2165, -0.7008 -0.9843 0.4724, -0.7008 -0.9816 0.4928, -0.7008 -0.9737 0.5118, -0.7008 -0.9612 0.5281, -0.7008 -0.9259 0.5485, -0.7008 -0.9449 0.5406, -0.7008 0.9816 0.4928, -0.7008 0.9843 0.4724, -0.7008 0.9055 0.5512, -0.7008 0.9843 0.2165, -0.7008 0.748 0.5512, -0.7008 -0.9646 0.1969, -0.7008 -0.5906 0.2756, -0.7008 0.5906 0.2756, -0.7008 0.9646 0.1969, -0.7008 0.9697 0.1975, -0.7008 -0.9697 0.1975, -0.7008 -0.9744 0.1995, -0.7008 -0.9785 0.2026, -0.7008 -0.9816 0.2067, -0.7008 -0.9836 0.2114, -0.7008 0.9259 0.5485, -0.7008 0.9449 0.5406, -0.7008 0.9737 0.5118, -0.7008 0.9612 0.5281, -0.7008 0.9816 0.2067, -0.7008 0.9785 0.2026, -0.7008 0.9744 0.1995, -0.7008 0.9836 0.2114, 0.3622 -0.748 0.3937, 0.3622 -0.748 0.5512, 0.3622 -0.9055 0.5512, 0.3622 -0.9646 0.1969, 0.3622 -0.9697 0.1975, 0.3622 -0.9836 0.2114, 0.3622 -0.4724 0.0591, 0.3622 -0.315 0.0591, 0.3622 -0.0787 0.0591, 0.3622 -0.9259 0.5485, 0.3622 -0.9737 0.5118, 0.3622 -0.9449 0.5406, 0.3622 -0.9612 0.5281, 0.3622 -0.9816 0.4928, 0.3622 -0.9843 0.4724, 0.3622 -0.9843 0.2165, 0.3622 0.748 0.3937, 0.3622 0.0787 0.0591, 0.3622 0.4724 0.0197, 0.3622 0.4724 0.0591, 0.3622 -0.9816 0.2067, 0.3622 -0.9785 0.2026, 0.3622 -0.9744 0.1995, 0.3622 0.9449 0.5406, 0.3622 0.9259 0.5485, 0.3622 0.9055 0.5512, 0.3622 0.748 0.5512, 0.3622 0.315 0.0591, 0.3622 0.9646 0.1969, 0.3622 0.9612 0.5281, 0.3622 0.9737 0.5118, 0.3622 0.9816 0.4928, 0.3622 0.9697 0.1975, 0.3622 0.9836 0.2114, 0.3622 0.9843 0.2165, 0.3622 0.9843 0.4724, 0.3622 0.9744 0.1995, 0.3622 0.9785 0.2026, 0.3622 0.9816 0.2067, 0.1614 0.9843 0.4724, 0.1614 0.9843 0.2165, -0.5 0.9843 0.2165, -0.5 0.9843 0.4724, -0.5 -0.9843 0.4724, -0.5 -0.9843 0.2165, 0.1614 -0.9843 0.2165, 0.1614 -0.9843 0.4724, 0.1614 -0.9646 0.1969, -0.5 -0.9646 0.1969, 0.1614 0.9646 0.1969, -0.5 0.9646 0.1969, 0.2835 0.748 0.3937, 0.1614 0.748 0.5512, 0.1584 0.748 0.5508, 0.1555 0.748 0.5496, 0.1531 0.748 0.5477, 0.1512 0.748 0.5453, 0.15 0.748 0.5424, 0.2835 -0.748 0.3937, 0.1614 -0.748 0.5512, 0.15 -0.748 0.5424, 0.1512 -0.748 0.5453, 0.1531 -0.748 0.5477, 0.1555 -0.748 0.5496, 0.1584 -0.748 0.5508, -0.5039 -0.5906 0.2756, -0.5039 0.5906 0.2756, -0.2886 0.6594 0.0039, -0.2667 0.688 0.0039, -0.2667 0.4931 0.0039, -0.2886 0.5217 0.0039, -0.3024 0.6262 0.0039, -0.3071 0.5906 0.0039, -0.3024 0.5549 0.0039, -0.2667 -0.688 0.0039, -0.2886 -0.6594 0.0039, -0.2886 -0.5217 0.0039, -0.2667 -0.4931 0.0039, -0.3024 -0.5549 0.0039, -0.3071 -0.5906 0.0039, -0.3024 -0.6262 0.0039, -0.2642 0.6904 -0.1575, -0.2665 0.6878 -0.1575, -0.2824 0.6693 -0.1575, -0.288 0.6591 -0.1575, -0.2959 0.6449 -0.1575, -0.3018 0.626 -0.1575, -0.3043 0.6183 -0.1575, -0.3071 0.5906 -0.1575, -0.3043 0.5628 -0.1575, -0.3018 0.5551 -0.1575, -0.2959 0.5362 -0.1575, -0.288 0.522 -0.1575, -0.2824 0.5118 -0.1575, -0.2665 0.4933 -0.1575, -0.2642 0.4907 -0.1575, -0.0501 0.5218 -0.1575, -0.0647 0.5008 -0.1575, -0.0723 0.4936 -0.1575, -0.0488 0.5237 -0.1575, -0.0378 0.5493 -0.1575, -0.0367 0.555 -0.1575, -0.0322 0.5766 -0.1575, -0.0367 0.6261 -0.1575, -0.0322 0.6045 -0.1575, -0.0322 0.5906 -0.1575, -0.0378 0.6318 -0.1575, -0.0488 0.6574 -0.1575, -0.0501 0.6593 -0.1575, -0.0647 0.6803 -0.1575, -0.0849 0.4816 -0.1575, -0.1007 0.4718 -0.1575, -0.1086 0.4668 -0.1575, -0.1337 0.4576 -0.1575, -0.1348 0.4572 -0.1575, -0.1623 0.4529 -0.1575, -0.1902 0.4543 -0.1575, -0.1693 0.4533 -0.1575, -0.2422 0.4736 -0.1575, -0.238 0.4716 -0.1575, -0.2172 0.4613 -0.1575, -0.2048 0.4581 -0.1575, -0.2172 0.7198 -0.1575, -0.238 0.7095 -0.1575, -0.2422 0.7075 -0.1575, -0.1623 0.7282 -0.1575, -0.1693 0.7278 -0.1575, -0.1902 0.7268 -0.1575, -0.2048 0.723 -0.1575, -0.0723 0.6875 -0.1575, -0.0849 0.6995 -0.1575, -0.1007 0.7094 -0.1575, -0.1086 0.7143 -0.1575, -0.1337 0.7235 -0.1575, -0.1348 0.7239 -0.1575, -0.2677 0.5906 -0.1968, -0.2657 0.6104 -0.1968, -0.1693 0.5906 -0.1968, -0.2501 0.5343 -0.1968, -0.2597 0.5517 -0.1968, -0.2657 0.5707 -0.1968, -0.2035 0.4983 -0.1968, -0.2214 0.507 -0.1968, -0.2371 0.5192 -0.1968, -0.1446 0.4953 -0.1968, -0.1643 0.4923 -0.1968, -0.1842 0.4933 -0.1968, -0.0946 0.5264 -0.1968, -0.109 0.5127 -0.1968, -0.1259 0.5022 -0.1968, -0.0714 0.5806 -0.1968, -0.0754 0.5611 -0.1968, -0.0832 0.5428 -0.1968, -0.0832 0.6383 -0.1968, -0.0754 0.62 -0.1968, -0.0714 0.6005 -0.1968, -0.1259 0.6789 -0.1968, -0.109 0.6684 -0.1968, -0.0946 0.6547 -0.1968, -0.1842 0.6878 -0.1968, -0.1643 0.6888 -0.1968, -0.1446 0.6858 -0.1968, -0.2371 0.6619 -0.1968, -0.2214 0.6741 -0.1968, -0.2035 0.6828 -0.1968, -0.2597 0.6294 -0.1968, -0.2501 0.6468 -0.1968, -0.2642 -0.4907 -0.1575, -0.2665 -0.4933 -0.1575, -0.2824 -0.5118 -0.1575, -0.288 -0.522 -0.1575, -0.2959 -0.5362 -0.1575, -0.3018 -0.5551 -0.1575, -0.3043 -0.5628 -0.1575, -0.3071 -0.5906 -0.1575, -0.3043 -0.6183 -0.1575, -0.3018 -0.626 -0.1575, -0.2959 -0.6449 -0.1575, -0.288 -0.6591 -0.1575, -0.2824 -0.6693 -0.1575, -0.2665 -0.6878 -0.1575, -0.2642 -0.6904 -0.1575, -0.0501 -0.6593 -0.1575, -0.0647 -0.6803 -0.1575, -0.0723 -0.6875 -0.1575, -0.0488 -0.6574 -0.1575, -0.0378 -0.6318 -0.1575, -0.0367 -0.6261 -0.1575, -0.0322 -0.6045 -0.1575, -0.0367 -0.555 -0.1575, -0.0322 -0.5766 -0.1575, -0.0322 -0.5906 -0.1575, -0.0378 -0.5493 -0.1575, -0.0488 -0.5237 -0.1575, -0.0501 -0.5218 -0.1575, -0.0647 -0.5008 -0.1575, -0.0849 -0.6995 -0.1575, -0.1007 -0.7094 -0.1575, -0.1086 -0.7143 -0.1575, -0.1337 -0.7235 -0.1575, -0.1348 -0.7239 -0.1575, -0.1623 -0.7282 -0.1575, -0.1902 -0.7268 -0.1575, -0.1693 -0.7278 -0.1575, -0.2422 -0.7075 -0.1575, -0.238 -0.7095 -0.1575, -0.2172 -0.7198 -0.1575, -0.2048 -0.723 -0.1575, -0.2172 -0.4613 -0.1575, -0.238 -0.4716 -0.1575, -0.2422 -0.4736 -0.1575, -0.1623 -0.4529 -0.1575, -0.1693 -0.4533 -0.1575, -0.1902 -0.4543 -0.1575, -0.2048 -0.4581 -0.1575, -0.0723 -0.4936 -0.1575, -0.0849 -0.4816 -0.1575, -0.1007 -0.4718 -0.1575, -0.1086 -0.4668 -0.1575, -0.1337 -0.4576 -0.1575, -0.1348 -0.4572 -0.1575, -0.2677 -0.5906 -0.1968, -0.2657 -0.5707 -0.1968, -0.1693 -0.5906 -0.1968, -0.2501 -0.6468 -0.1968, -0.2597 -0.6294 -0.1968, -0.2657 -0.6104 -0.1968, -0.2035 -0.6828 -0.1968, -0.2214 -0.6741 -0.1968, -0.2371 -0.6619 -0.1968, -0.1446 -0.6858 -0.1968, -0.1643 -0.6888 -0.1968, -0.1842 -0.6878 -0.1968, -0.0946 -0.6547 -0.1968, -0.109 -0.6684 -0.1968, -0.1259 -0.6789 -0.1968, -0.0714 -0.6005 -0.1968, -0.0754 -0.62 -0.1968, -0.0832 -0.6383 -0.1968, -0.0832 -0.5428 -0.1968, -0.0754 -0.5611 -0.1968, -0.0714 -0.5806 -0.1968, -0.1259 -0.5022 -0.1968, -0.109 -0.5127 -0.1968, -0.0946 -0.5264 -0.1968, -0.1842 -0.4933 -0.1968, -0.1643 -0.4923 -0.1968, -0.1446 -0.4953 -0.1968, -0.2371 -0.5192 -0.1968, -0.2214 -0.507 -0.1968, -0.2035 -0.4983 -0.1968, -0.2597 -0.5517 -0.1968, -0.2501 -0.5343 -0.1968, 0.1614 0.9836 0.2114, 0.1614 0.9816 0.2067, 0.1614 0.9785 0.2026, 0.1614 0.9744 0.1995, 0.1614 0.9697 0.1975, -0.5 0.9836 0.2114, -0.5 0.9816 0.2067, -0.5 0.9785 0.2026, -0.5 0.9744 0.1995, -0.5 0.9697 0.1975, -0.5 -0.9836 0.2114, -0.5 -0.9816 0.2067, -0.5 -0.9785 0.2026, -0.5 -0.9744 0.1995, -0.5 -0.9697 0.1975, 0.1614 -0.9836 0.2114, 0.1614 -0.9816 0.2067, 0.1614 -0.9785 0.2026, 0.1614 -0.9744 0.1995, 0.1614 -0.9697 0.1975, -0.4201 0.3004 0.0007, -0.4057 0.3148 0.0171, 0.0671 0.3148 0.0171, -0.4062 0.3143 0.0146, 0.0676 0.3143 0.0146, -0.407 0.3135 0.0122, 0.0684 0.3135 0.0122, 0.0696 0.3123 0.0098, -0.4082 0.3123 0.0098, -0.4096 0.3109 0.0077, 0.0815 0.3004 0.0007, -0.4154 0.3051 0.0026, 0.0768 0.3051 0.0026, -0.4113 0.3092 0.0058, 0.0727 0.3092 0.0058, 0.071 0.3109 0.0077, 0.0671 -0.3148 0.0171, -0.4057 -0.3148 0.0171, -0.4062 -0.3143 0.0146, 0.0676 -0.3143 0.0146, 0.0684 -0.3135 0.0122, -0.407 -0.3135 0.0122, -0.4082 -0.3123 0.0098, 0.0696 -0.3123 0.0098, 0.071 -0.3109 0.0077, -0.4201 -0.3004 0.0007, -0.4096 -0.3109 0.0077, -0.4113 -0.3092 0.0058, 0.0727 -0.3092 0.0058, -0.4154 -0.3051 0.0026, 0.0768 -0.3051 0.0026, 0.0815 -0.3004 0.0007, -0.4154 0.876 0.0026, -0.4113 0.8719 0.0058, -0.4096 0.8702 0.0077, -0.4082 0.8688 0.0098, -0.407 0.8676 0.0122, -0.4057 0.8663 0.0171, -0.4062 0.8668 0.0146, -0.4201 0.8807 0.0007, 0.0768 0.876 0.0026, 0.0815 0.8807 0.0007, 0.0696 0.8688 0.0098, 0.071 0.8702 0.0077, 0.0727 0.8719 0.0058, 0.0671 0.8663 0.0171, 0.0676 0.8668 0.0146, 0.0684 0.8676 0.0122, 0.0768 -0.876 0.0026, 0.0727 -0.8719 0.0058, 0.071 -0.8702 0.0077, 0.0696 -0.8688 0.0098, 0.0684 -0.8676 0.0122, 0.0671 -0.8663 0.0171, 0.0676 -0.8668 0.0146, 0.0815 -0.8807 0.0007, -0.4154 -0.876 0.0026, -0.4201 -0.8807 0.0007, -0.4082 -0.8688 0.0098, -0.4096 -0.8702 0.0077, -0.4113 -0.8719 0.0058, -0.4057 -0.8663 0.0171, -0.4062 -0.8668 0.0146, -0.407 -0.8676 0.0122, 0.362 0.9053 0.0171, 0.3615 0.4724 0.0146, 0.3596 0.4724 0.0098, 0.3607 0.904 0.0122, 0.3615 0.9048 0.0146, 0.3564 0.8997 0.0058, 0.3581 0.9014 0.0077, 0.3596 0.9029 0.0098, 0.3564 0.4724 0.0058, 0.3524 0.4724 0.0026, 0.3524 0.8957 0.0026, 0.3476 0.4724 0.0007, 0.3476 0.8909 0.0007, -0.6862 0.8909 0.0007, -0.695 0.8997 0.0058, -0.6909 0.8957 0.0026, -0.7006 0.9053 0.0171, -0.7001 0.9048 0.0146, -0.6993 0.904 0.0122, -0.6982 0.9029 0.0098, -0.6967 0.9014 0.0077, -0.6862 -0.8909 0.0007, -0.6909 -0.8957 0.0026, -0.695 -0.8997 0.0058, -0.6967 -0.9014 0.0077, -0.6982 -0.9029 0.0098, -0.6993 -0.904 0.0122, -0.7001 -0.9048 0.0146, -0.7006 -0.9053 0.0171, -0.2947 0.6444 -0.1677, -0.2633 0.6895 -0.1677, -0.2167 0.7185 -0.1677, -0.19 0.7254 -0.1677, -0.1092 0.7131 -0.1677, -0.0858 0.6985 -0.1677, -0.05 0.6568 -0.1677, -0.0335 0.6044 -0.1677, -0.0391 0.5497 -0.1677, -0.0658 0.5017 -0.1677, -0.0858 0.4826 -0.1677, -0.1351 0.4585 -0.1677, -0.19 0.4557 -0.1677, -0.2415 0.4748 -0.1677, -0.2813 0.5126 -0.1677, -0.2947 0.5367 -0.1677, -0.2757 0.5687 -0.1955, -0.2691 0.5477 -0.1955, -0.285 0.5668 -0.1916, -0.2778 0.544 -0.1916, -0.293 0.5651 -0.1853, -0.2853 0.5408 -0.1853, -0.2991 0.5639 -0.1772, -0.2911 0.5383 -0.1772, -0.303 0.5631 -0.1677, -0.207 0.4887 -0.1955, -0.1857 0.4832 -0.1955, -0.2103 0.4798 -0.1916, -0.1872 0.4738 -0.1916, -0.2131 0.4721 -0.1853, -0.1884 0.4657 -0.1853, -0.2153 0.4663 -0.1772, -0.1894 0.4596 -0.1772, -0.2167 0.4626 -0.1677, -0.1215 0.493 -0.1955, -0.1028 0.5047 -0.1955, -0.1173 0.4845 -0.1916, -0.097 0.4972 -0.1916, -0.1137 0.4772 -0.1853, -0.092 0.4907 -0.1853, -0.1109 0.4716 -0.1772, -0.0882 0.4858 -0.1772, -0.1092 0.468 -0.1677, -0.0612 0.5796 -0.1955, -0.0612 0.6015 -0.1955, -0.0518 0.5786 -0.1916, -0.0518 0.6025 -0.1916, -0.0437 0.5778 -0.1853, -0.0437 0.6033 -0.1853, -0.0375 0.5771 -0.1772, -0.0375 0.604 -0.1772, -0.0335 0.5767 -0.1677, -0.0869 0.6613 -0.1955, -0.1028 0.6764 -0.1955, -0.0797 0.6675 -0.1916, -0.097 0.6839 -0.1916, -0.0735 0.6728 -0.1853, -0.092 0.6904 -0.1853, -0.0687 0.6769 -0.1772, -0.0882 0.6953 -0.1772, -0.0658 0.6794 -0.1677, -0.1638 0.699 -0.1955, -0.1857 0.6979 -0.1955, -0.1633 0.7085 -0.1916, -0.1872 0.7073 -0.1916, -0.1629 0.7167 -0.1853, -0.1884 0.7154 -0.1853, -0.1626 0.7229 -0.1772, -0.1894 0.7215 -0.1772, -0.1624 0.7268 -0.1677, -0.2584 0.6526 -0.1955, -0.2691 0.6334 -0.1955, -0.2662 0.658 -0.1916, -0.2778 0.6371 -0.1916, -0.2729 0.6627 -0.1853, -0.2853 0.6403 -0.1853, -0.2781 0.6663 -0.1772, -0.2911 0.6428 -0.1772, -0.2813 0.6685 -0.1677, -0.2779 0.5906 -0.1955, -0.2874 0.5906 -0.1916, -0.2956 0.5906 -0.1853, -0.3018 0.5906 -0.1772, -0.3057 0.5906 -0.1677, -0.2781 0.5148 -0.1772, -0.2729 0.5184 -0.1853, -0.2662 0.5231 -0.1916, -0.2584 0.5285 -0.1955, -0.2633 0.4917 -0.1677, -0.2606 0.4945 -0.1772, -0.2563 0.499 -0.1853, -0.2507 0.5049 -0.1916, -0.2441 0.5118 -0.1955, -0.2267 0.4984 -0.1955, -0.2318 0.4903 -0.1916, -0.2361 0.4834 -0.1853, -0.2394 0.4781 -0.1772, -0.1624 0.4543 -0.1677, -0.1626 0.4582 -0.1772, -0.1629 0.4644 -0.1853, -0.1633 0.4726 -0.1916, -0.1638 0.4821 -0.1955, -0.1421 0.4854 -0.1955, -0.1397 0.4762 -0.1916, -0.1376 0.4683 -0.1853, -0.1361 0.4623 -0.1772, -0.0687 0.5042 -0.1772, -0.0735 0.5083 -0.1853, -0.0797 0.5136 -0.1916, -0.0869 0.5198 -0.1955, -0.05 0.5243 -0.1677, -0.0534 0.5262 -0.1772, -0.0589 0.5293 -0.1853, -0.066 0.5332 -0.1916, -0.0743 0.5378 -0.1955, -0.0657 0.558 -0.1955, -0.0566 0.5552 -0.1916, -0.0488 0.5528 -0.1853, -0.0429 0.5509 -0.1772, -0.0391 0.6314 -0.1677, -0.0429 0.6302 -0.1772, -0.0488 0.6283 -0.1853, -0.0566 0.6259 -0.1916, -0.0657 0.6231 -0.1955, -0.0743 0.6433 -0.1955, -0.066 0.6479 -0.1916, -0.0589 0.6518 -0.1853, -0.0534 0.6549 -0.1772, -0.1109 0.7095 -0.1772, -0.1137 0.7039 -0.1853, -0.1173 0.6966 -0.1916, -0.1215 0.6881 -0.1955, -0.1351 0.7226 -0.1677, -0.1361 0.7188 -0.1772, -0.1376 0.7128 -0.1853, -0.1397 0.7049 -0.1916, -0.1421 0.6957 -0.1955, -0.2153 0.7148 -0.1772, -0.2131 0.709 -0.1853, -0.2103 0.7013 -0.1916, -0.207 0.6924 -0.1955, -0.2415 0.7064 -0.1677, -0.2394 0.703 -0.1772, -0.2361 0.6977 -0.1853, -0.2318 0.6908 -0.1916, -0.2267 0.6827 -0.1955, -0.2441 0.6693 -0.1955, -0.2507 0.6762 -0.1916, -0.2563 0.6821 -0.1853, -0.2606 0.6866 -0.1772, -0.303 0.618 -0.1677, -0.2991 0.6172 -0.1772, -0.293 0.616 -0.1853, -0.285 0.6143 -0.1916, -0.2757 0.6124 -0.1955, -0.2947 -0.5367 -0.1677, -0.2633 -0.4917 -0.1677, -0.2167 -0.4626 -0.1677, -0.19 -0.4557 -0.1677, -0.1092 -0.468 -0.1677, -0.0858 -0.4826 -0.1677, -0.05 -0.5243 -0.1677, -0.0335 -0.5767 -0.1677, -0.0391 -0.6314 -0.1677, -0.0658 -0.6794 -0.1677, -0.0858 -0.6985 -0.1677, -0.1351 -0.7226 -0.1677, -0.19 -0.7254 -0.1677, -0.2415 -0.7064 -0.1677, -0.2813 -0.6685 -0.1677, -0.2947 -0.6444 -0.1677, -0.2757 -0.6124 -0.1955, -0.2691 -0.6334 -0.1955, -0.285 -0.6143 -0.1916, -0.2778 -0.6371 -0.1916, -0.293 -0.616 -0.1853, -0.2853 -0.6403 -0.1853, -0.2991 -0.6172 -0.1772, -0.2911 -0.6428 -0.1772, -0.303 -0.618 -0.1677, -0.207 -0.6924 -0.1955, -0.1857 -0.6979 -0.1955, -0.2103 -0.7013 -0.1916, -0.1872 -0.7073 -0.1916, -0.2131 -0.709 -0.1853, -0.1884 -0.7154 -0.1853, -0.2153 -0.7148 -0.1772, -0.1894 -0.7215 -0.1772, -0.2167 -0.7185 -0.1677, -0.1215 -0.6881 -0.1955, -0.1028 -0.6764 -0.1955, -0.1173 -0.6966 -0.1916, -0.097 -0.6839 -0.1916, -0.1137 -0.7039 -0.1853, -0.092 -0.6904 -0.1853, -0.1109 -0.7095 -0.1772, -0.0882 -0.6953 -0.1772, -0.1092 -0.7131 -0.1677, -0.0612 -0.6015 -0.1955, -0.0612 -0.5796 -0.1955, -0.0518 -0.6025 -0.1916, -0.0518 -0.5786 -0.1916, -0.0437 -0.6033 -0.1853, -0.0437 -0.5778 -0.1853, -0.0375 -0.604 -0.1772, -0.0375 -0.5771 -0.1772, -0.0335 -0.6044 -0.1677, -0.0869 -0.5198 -0.1955, -0.1028 -0.5047 -0.1955, -0.0797 -0.5136 -0.1916, -0.097 -0.4972 -0.1916, -0.0735 -0.5083 -0.1853, -0.092 -0.4907 -0.1853, -0.0687 -0.5042 -0.1772, -0.0882 -0.4858 -0.1772, -0.0658 -0.5017 -0.1677, -0.1638 -0.4821 -0.1955, -0.1857 -0.4832 -0.1955, -0.1633 -0.4726 -0.1916, -0.1872 -0.4738 -0.1916, -0.1629 -0.4644 -0.1853, -0.1884 -0.4657 -0.1853, -0.1626 -0.4582 -0.1772, -0.1894 -0.4596 -0.1772, -0.1624 -0.4543 -0.1677, -0.2584 -0.5285 -0.1955, -0.2691 -0.5477 -0.1955, -0.2662 -0.5231 -0.1916, -0.2778 -0.544 -0.1916, -0.2729 -0.5184 -0.1853, -0.2853 -0.5408 -0.1853, -0.2781 -0.5148 -0.1772, -0.2911 -0.5383 -0.1772, -0.2813 -0.5126 -0.1677, -0.2779 -0.5906 -0.1955, -0.2874 -0.5906 -0.1916, -0.2956 -0.5906 -0.1853, -0.3018 -0.5906 -0.1772, -0.3057 -0.5906 -0.1677, -0.2781 -0.6663 -0.1772, -0.2729 -0.6627 -0.1853, -0.2662 -0.658 -0.1916, -0.2584 -0.6526 -0.1955, -0.2633 -0.6895 -0.1677, -0.2606 -0.6866 -0.1772, -0.2563 -0.6821 -0.1853, -0.2507 -0.6762 -0.1916, -0.2441 -0.6693 -0.1955, -0.2267 -0.6827 -0.1955, -0.2318 -0.6908 -0.1916, -0.2361 -0.6977 -0.1853, -0.2394 -0.703 -0.1772, -0.1624 -0.7268 -0.1677, -0.1626 -0.7229 -0.1772, -0.1629 -0.7167 -0.1853, -0.1633 -0.7085 -0.1916, -0.1638 -0.699 -0.1955, -0.1421 -0.6957 -0.1955, -0.1397 -0.7049 -0.1916, -0.1376 -0.7128 -0.1853, -0.1361 -0.7188 -0.1772, -0.0687 -0.6769 -0.1772, -0.0735 -0.6728 -0.1853, -0.0797 -0.6675 -0.1916, -0.0869 -0.6613 -0.1955, -0.05 -0.6568 -0.1677, -0.0534 -0.6549 -0.1772, -0.0589 -0.6518 -0.1853, -0.066 -0.6479 -0.1916, -0.0743 -0.6433 -0.1955, -0.0657 -0.6231 -0.1955, -0.0566 -0.6259 -0.1916, -0.0488 -0.6283 -0.1853, -0.0429 -0.6302 -0.1772, -0.0391 -0.5497 -0.1677, -0.0429 -0.5509 -0.1772, -0.0488 -0.5528 -0.1853, -0.0566 -0.5552 -0.1916, -0.0657 -0.558 -0.1955, -0.0743 -0.5378 -0.1955, -0.066 -0.5332 -0.1916, -0.0589 -0.5293 -0.1853, -0.0534 -0.5262 -0.1772, -0.1109 -0.4716 -0.1772, -0.1137 -0.4772 -0.1853, -0.1173 -0.4845 -0.1916, -0.1215 -0.493 -0.1955, -0.1351 -0.4585 -0.1677, -0.1361 -0.4623 -0.1772, -0.1376 -0.4683 -0.1853, -0.1397 -0.4762 -0.1916, -0.1421 -0.4854 -0.1955, -0.2153 -0.4663 -0.1772, -0.2131 -0.4721 -0.1853, -0.2103 -0.4798 -0.1916, -0.207 -0.4887 -0.1955, -0.2415 -0.4748 -0.1677, -0.2394 -0.4781 -0.1772, -0.2361 -0.4834 -0.1853, -0.2318 -0.4903 -0.1916, -0.2267 -0.4984 -0.1955, -0.2441 -0.5118 -0.1955, -0.2507 -0.5049 -0.1916, -0.2563 -0.499 -0.1853, -0.2606 -0.4945 -0.1772, -0.303 -0.5631 -0.1677, -0.2991 -0.5639 -0.1772, -0.293 -0.5651 -0.1853, -0.285 -0.5668 -0.1916, -0.2757 -0.5687 -0.1955, 0.2835 0.315 0.0591, 0.2835 0.4724 0.0591, 0.2835 -0.0787 0.0591, 0.2835 0.0787 0.0591, 0.2835 -0.4724 0.0591, 0.2835 -0.315 0.0591
            ]
        }
        coordIndex [
            0,1,2,-1,2,3,4,-1,5,6,2,-1,2,6,7,-1,7,8,2,-1,2,8,9,-1,2,9,3,-1,10,11,0,-1,4,12,2,-1,2,12,13,-1,2,13,0,-1,0,13,14,-1,0,14,10,-1,15,16,11,-1,11,16,17,-1,11,17,0,-1,18,19,20,-1,21,22,23,-1,23,22,18,-1,23,18,24,-1,24,18,20,-1,25,26,18,-1,18,26,27,-1,18,27,19,-1,28,29,30,-1,30,29,31,-1,18,32,25,-1,25,32,33,-1,25,33,34,-1,34,33,29,-1,34,29,35,-1,35,29,28,-1,36,37,38,-1,38,39,40,-1,41,42,38,-1,38,42,43,-1,43,44,38,-1,38,44,45,-1,38,45,39,-1,40,46,38,-1,38,46,47,-1,38,47,36,-1,36,47,48,-1,36,48,49,-1,49,48,50,-1,50,51,49,-1,49,51,52,-1,49,52,53,-1,54,55,56,-1,56,55,57,-1,58,59,60,-1,60,59,56,-1,60,56,61,-1,61,56,57,-1,62,63,64,-1,64,63,65,-1,64,65,66,-1,66,65,56,-1,56,65,67,-1,56,67,54,-1,68,69,70,-1,62,64,70,-1,70,64,71,-1,70,71,68,-1,72,73,74,-1,5,75,41,-1,38,18,41,-1,41,18,22,-1,76,75,59,-1,59,75,5,-1,59,5,56,-1,56,5,2,-1,77,78,22,-1,22,78,79,-1,22,79,41,-1,41,79,72,-1,41,72,5,-1,5,72,74,-1,80,81,82,-1,83,84,85,-1,85,84,86,-1,87,88,89,-1,89,88,90,-1,89,90,91,-1,91,90,92,-1,93,94,95,-1,95,96,93,-1,93,96,97,-1,93,97,98,-1,99,80,100,-1,100,80,101,-1,100,101,102,-1,102,101,103,-1,102,103,104,-1,104,103,105,-1,106,107,108,-1,108,107,89,-1,108,89,109,-1,109,89,91,-1,109,91,110,-1,110,91,111,-1,112,113,114,-1,114,113,115,-1,114,115,116,-1,87,93,88,-1,88,93,98,-1,88,98,86,-1,86,98,117,-1,86,117,85,-1,85,117,118,-1,85,118,82,-1,82,118,113,-1,82,113,80,-1,80,113,112,-1,80,112,101,-1,101,112,119,-1,101,119,90,-1,90,119,120,-1,121,122,123,-1,123,122,124,-1,123,124,125,-1,126,127,123,-1,123,127,128,-1,129,130,131,-1,131,130,132,-1,128,133,123,-1,123,133,132,-1,123,132,134,-1,134,132,130,-1,135,136,120,-1,125,137,123,-1,123,137,138,-1,123,138,126,-1,92,90,94,-1,94,90,139,-1,94,139,95,-1,95,139,140,-1,95,140,123,-1,123,140,141,-1,123,141,121,-1,116,142,114,-1,114,142,143,-1,114,143,144,-1,144,143,145,-1,144,145,146,-1,147,148,90,-1,90,148,149,-1,90,149,139,-1,145,150,146,-1,146,150,151,-1,146,151,120,-1,120,151,152,-1,120,152,135,-1,136,153,120,-1,120,153,154,-1,120,154,90,-1,90,154,155,-1,90,155,147,-1,156,157,158,-1,158,157,159,-1,160,161,162,-1,162,163,160,-1,160,163,164,-1,160,164,165,-1,166,88,167,-1,167,88,158,-1,167,158,168,-1,168,158,159,-1,168,159,169,-1,169,159,90,-1,170,171,88,-1,88,171,172,-1,88,172,90,-1,90,172,173,-1,174,175,169,-1,169,175,176,-1,165,170,160,-1,160,170,88,-1,160,88,177,-1,177,88,166,-1,177,166,178,-1,178,166,179,-1,173,180,90,-1,90,180,181,-1,90,181,169,-1,169,181,182,-1,169,182,174,-1,176,183,169,-1,169,183,184,-1,169,184,160,-1,160,184,185,-1,160,185,161,-1,186,187,188,-1,188,187,158,-1,188,158,189,-1,189,158,88,-1,189,88,190,-1,190,88,86,-1,190,86,191,-1,191,86,192,-1,191,192,193,-1,193,192,194,-1,193,194,195,-1,193,195,196,-1,196,195,197,-1,196,197,198,-1,198,197,199,-1,198,199,200,-1,200,199,201,-1,201,199,202,-1,201,202,203,-1,203,202,204,-1,204,202,205,-1,204,205,206,-1,206,205,207,-1,207,205,208,-1,207,208,209,-1,84,83,210,-1,84,210,211,-1,211,210,212,-1,211,212,213,-1,213,212,214,-1,213,214,215,-1,215,214,216,-1,215,216,217,-1,217,216,218,-1,217,218,219,-1,219,218,220,-1,219,220,221,-1,80,99,222,-1,223,81,80,-1,80,222,223,-1,223,222,224,-1,223,224,225,-1,225,224,226,-1,225,226,227,-1,227,226,228,-1,227,228,229,-1,229,228,230,-1,229,230,231,-1,231,230,232,-1,231,232,233,-1,234,235,236,-1,236,235,237,-1,238,239,240,-1,240,239,241,-1,242,243,244,-1,244,243,245,-1,246,247,248,-1,248,247,249,-1,250,251,252,-1,253,254,255,-1,256,257,252,-1,252,257,258,-1,252,258,255,-1,256,252,259,-1,259,252,209,-1,259,209,260,-1,56,2,66,-1,66,2,261,-1,254,262,255,-1,255,262,263,-1,255,263,252,-1,252,263,264,-1,252,264,250,-1,261,2,255,-1,255,2,1,-1,255,1,253,-1,265,266,267,-1,267,266,268,-1,18,38,32,-1,32,38,269,-1,270,267,271,-1,271,272,270,-1,270,272,273,-1,270,273,274,-1,274,273,275,-1,274,275,276,-1,277,278,270,-1,270,278,279,-1,270,279,267,-1,267,279,280,-1,267,280,265,-1,269,38,266,-1,266,38,37,-1,266,37,268,-1,281,247,282,-1,282,247,246,-1,282,246,283,-1,283,284,282,-1,282,284,285,-1,282,285,286,-1,287,288,289,-1,289,288,290,-1,291,292,293,-1,293,292,288,-1,293,288,294,-1,294,288,287,-1,295,243,296,-1,296,243,242,-1,296,242,297,-1,297,298,296,-1,296,298,299,-1,296,299,300,-1,301,302,303,-1,303,302,304,-1,305,306,307,-1,307,306,302,-1,307,302,308,-1,308,302,301,-1,309,290,310,-1,310,290,288,-1,296,300,311,-1,311,300,312,-1,309,313,290,-1,290,313,314,-1,290,314,300,-1,300,314,315,-1,300,315,312,-1,316,239,317,-1,317,239,238,-1,317,238,318,-1,318,319,317,-1,317,319,320,-1,317,320,321,-1,322,323,324,-1,324,323,325,-1,326,327,328,-1,328,327,323,-1,328,323,329,-1,329,323,322,-1,330,331,332,-1,332,331,333,-1,332,333,334,-1,335,235,332,-1,332,235,234,-1,332,234,330,-1,336,337,338,-1,338,337,339,-1,340,341,342,-1,342,341,337,-1,342,337,343,-1,343,337,336,-1,325,323,344,-1,344,345,325,-1,325,345,346,-1,325,346,334,-1,334,346,347,-1,334,347,348,-1,348,349,334,-1,334,349,350,-1,334,350,332,-1,351,352,293,-1,293,352,291,-1,353,354,307,-1,307,354,305,-1,355,356,249,-1,249,356,352,-1,247,281,249,-1,249,281,357,-1,249,357,355,-1,292,291,358,-1,358,291,352,-1,358,352,359,-1,359,352,356,-1,360,361,245,-1,245,361,354,-1,243,295,245,-1,245,295,362,-1,245,362,360,-1,306,305,363,-1,363,305,354,-1,363,354,364,-1,364,354,361,-1,365,366,328,-1,328,366,326,-1,367,368,342,-1,342,368,340,-1,369,370,241,-1,241,370,366,-1,327,326,371,-1,371,326,366,-1,371,366,372,-1,372,366,370,-1,239,316,241,-1,241,316,373,-1,241,373,369,-1,374,375,237,-1,237,375,368,-1,341,340,376,-1,376,340,368,-1,376,368,377,-1,377,368,375,-1,235,335,237,-1,237,335,378,-1,237,378,374,-1,379,380,74,-1,74,381,379,-1,379,381,382,-1,379,382,383,-1,383,384,379,-1,379,384,385,-1,379,385,386,-1,386,385,387,-1,388,389,390,-1,390,389,391,-1,390,391,392,-1,393,74,251,-1,251,74,73,-1,251,73,252,-1,252,73,394,-1,252,394,270,-1,270,394,395,-1,270,395,277,-1,277,395,78,-1,277,78,396,-1,396,78,77,-1,396,77,397,-1,393,398,74,-1,74,398,399,-1,74,399,400,-1,400,401,74,-1,74,401,402,-1,74,402,381,-1,390,403,388,-1,388,403,404,-1,388,404,405,-1,405,404,406,-1,407,408,77,-1,77,408,409,-1,77,409,397,-1,392,391,77,-1,77,391,410,-1,77,410,407,-1,411,412,260,-1,260,412,413,-1,260,413,414,-1,415,414,416,-1,209,208,260,-1,260,208,417,-1,260,417,411,-1,221,220,418,-1,418,220,419,-1,413,420,421,-1,421,420,422,-1,421,422,423,-1,421,424,413,-1,413,424,425,-1,413,425,414,-1,414,425,426,-1,414,426,416,-1,417,418,411,-1,411,418,419,-1,411,419,427,-1,427,419,428,-1,429,274,430,-1,430,274,276,-1,431,432,416,-1,416,432,433,-1,416,433,415,-1,434,435,427,-1,427,435,436,-1,427,436,437,-1,233,232,428,-1,428,232,438,-1,428,438,427,-1,427,438,430,-1,427,430,434,-1,434,430,276,-1,434,276,439,-1,440,434,441,-1,441,434,442,-1,443,444,439,-1,439,444,445,-1,439,445,434,-1,434,445,446,-1,434,446,442,-1,443,447,444,-1,444,447,448,-1,444,448,449,-1,450,446,451,-1,451,446,445,-1,452,391,453,-1,453,391,389,-1,454,382,455,-1,455,382,381,-1,456,426,457,-1,457,426,425,-1,259,260,458,-1,458,260,414,-1,459,393,250,-1,250,393,251,-1,460,439,275,-1,275,439,276,-1,278,277,461,-1,461,277,396,-1,462,427,75,-1,75,427,437,-1,75,437,41,-1,41,437,463,-1,41,463,42,-1,42,463,464,-1,464,465,466,-1,466,467,464,-1,464,467,468,-1,464,468,42,-1,462,469,427,-1,427,469,411,-1,411,469,412,-1,412,469,76,-1,412,76,470,-1,76,59,470,-1,470,59,58,-1,470,58,471,-1,471,472,473,-1,473,474,471,-1,471,474,475,-1,471,475,470,-1,469,462,76,-1,76,462,75,-1,72,476,73,-1,73,476,394,-1,476,477,394,-1,394,477,395,-1,477,79,395,-1,395,79,78,-1,477,476,79,-1,79,476,72,-1,244,245,353,-1,353,245,354,-1,248,249,351,-1,351,249,352,-1,236,237,367,-1,367,237,368,-1,240,241,365,-1,365,241,366,-1,478,339,479,-1,479,339,337,-1,317,321,480,-1,480,321,481,-1,478,482,339,-1,339,482,483,-1,339,483,321,-1,321,483,484,-1,321,484,481,-1,282,286,485,-1,485,286,486,-1,487,304,488,-1,488,304,302,-1,487,489,304,-1,304,489,490,-1,304,490,286,-1,286,490,491,-1,286,491,486,-1,323,327,371,-1,337,341,376,-1,378,335,332,-1,479,337,492,-1,492,493,479,-1,479,493,494,-1,479,494,478,-1,494,495,478,-1,478,495,496,-1,478,496,482,-1,496,497,482,-1,482,497,498,-1,482,498,483,-1,498,499,483,-1,483,499,500,-1,483,500,484,-1,500,501,484,-1,484,501,502,-1,484,502,481,-1,373,316,317,-1,502,503,481,-1,481,503,504,-1,481,504,480,-1,480,504,505,-1,480,505,317,-1,317,505,506,-1,507,345,508,-1,508,345,344,-1,508,344,509,-1,507,510,345,-1,345,510,511,-1,345,511,346,-1,511,512,346,-1,346,512,513,-1,346,513,347,-1,514,348,515,-1,515,348,347,-1,515,347,516,-1,516,347,513,-1,514,517,348,-1,348,517,518,-1,348,518,349,-1,518,519,349,-1,349,519,520,-1,349,520,350,-1,509,344,521,-1,521,344,323,-1,521,323,522,-1,522,323,371,-1,522,371,523,-1,523,371,372,-1,523,372,524,-1,524,372,525,-1,525,372,370,-1,525,370,526,-1,369,527,370,-1,370,527,528,-1,370,528,526,-1,506,529,317,-1,317,529,530,-1,317,530,373,-1,373,530,531,-1,373,531,369,-1,369,531,532,-1,369,532,527,-1,377,533,376,-1,376,533,534,-1,376,534,337,-1,337,534,535,-1,337,535,492,-1,536,537,375,-1,375,537,538,-1,375,538,377,-1,377,538,539,-1,377,539,533,-1,520,540,350,-1,350,540,541,-1,350,541,332,-1,332,541,542,-1,332,542,378,-1,378,542,543,-1,378,543,374,-1,374,543,544,-1,374,544,375,-1,375,544,545,-1,375,545,536,-1,546,547,548,-1,549,550,548,-1,548,550,551,-1,548,551,546,-1,552,553,548,-1,548,553,554,-1,548,554,549,-1,555,556,548,-1,548,556,557,-1,548,557,552,-1,558,559,548,-1,548,559,560,-1,548,560,555,-1,561,562,548,-1,548,562,563,-1,548,563,558,-1,564,565,548,-1,548,565,566,-1,548,566,561,-1,567,568,548,-1,548,568,569,-1,548,569,564,-1,570,571,548,-1,548,571,572,-1,548,572,567,-1,573,574,548,-1,548,574,575,-1,548,575,570,-1,547,576,548,-1,548,576,577,-1,548,577,573,-1,288,292,358,-1,302,306,363,-1,362,295,296,-1,488,302,578,-1,578,579,488,-1,488,579,580,-1,488,580,487,-1,580,581,487,-1,487,581,582,-1,487,582,489,-1,582,583,489,-1,489,583,584,-1,489,584,490,-1,584,585,490,-1,490,585,586,-1,490,586,491,-1,586,587,491,-1,491,587,588,-1,491,588,486,-1,357,281,282,-1,588,589,486,-1,486,589,590,-1,486,590,485,-1,485,590,591,-1,485,591,282,-1,282,591,592,-1,593,309,594,-1,594,309,310,-1,594,310,595,-1,593,596,309,-1,309,596,597,-1,309,597,313,-1,597,598,313,-1,313,598,599,-1,313,599,314,-1,600,315,601,-1,601,315,314,-1,601,314,602,-1,602,314,599,-1,600,603,315,-1,315,603,604,-1,315,604,312,-1,604,605,312,-1,312,605,606,-1,312,606,311,-1,595,310,607,-1,607,310,288,-1,607,288,608,-1,608,288,358,-1,608,358,609,-1,609,358,359,-1,609,359,610,-1,610,359,611,-1,611,359,356,-1,611,356,612,-1,355,613,356,-1,356,613,614,-1,356,614,612,-1,592,615,282,-1,282,615,616,-1,282,616,357,-1,357,616,617,-1,357,617,355,-1,355,617,618,-1,355,618,613,-1,364,619,363,-1,363,619,620,-1,363,620,302,-1,302,620,621,-1,302,621,578,-1,622,623,361,-1,361,623,624,-1,361,624,364,-1,364,624,625,-1,364,625,619,-1,606,626,311,-1,311,626,627,-1,311,627,296,-1,296,627,628,-1,296,628,362,-1,362,628,629,-1,362,629,360,-1,360,629,630,-1,360,630,361,-1,361,630,631,-1,361,631,622,-1,632,633,634,-1,635,636,634,-1,634,636,637,-1,634,637,632,-1,638,639,634,-1,634,639,640,-1,634,640,635,-1,641,642,634,-1,634,642,643,-1,634,643,638,-1,644,645,634,-1,634,645,646,-1,634,646,641,-1,647,648,634,-1,634,648,649,-1,634,649,644,-1,650,651,634,-1,634,651,652,-1,634,652,647,-1,653,654,634,-1,634,654,655,-1,634,655,650,-1,656,657,634,-1,634,657,658,-1,634,658,653,-1,659,660,634,-1,634,660,661,-1,634,661,656,-1,633,662,634,-1,634,662,663,-1,634,663,659,-1,451,445,444,-1,451,444,664,-1,664,444,449,-1,664,449,665,-1,665,449,448,-1,665,448,666,-1,666,448,447,-1,666,447,667,-1,667,447,443,-1,667,443,668,-1,668,443,439,-1,668,439,460,-1,391,452,669,-1,391,669,410,-1,410,669,670,-1,410,670,407,-1,407,670,671,-1,407,671,408,-1,408,671,672,-1,408,672,409,-1,409,672,673,-1,409,673,397,-1,397,673,461,-1,397,461,396,-1,455,381,402,-1,455,402,674,-1,674,402,401,-1,674,401,675,-1,675,401,400,-1,675,400,676,-1,676,400,399,-1,676,399,677,-1,677,399,398,-1,677,398,678,-1,678,398,393,-1,678,393,459,-1,426,456,679,-1,426,679,416,-1,416,679,680,-1,416,680,431,-1,431,680,681,-1,431,681,432,-1,432,681,682,-1,432,682,433,-1,433,682,683,-1,433,683,415,-1,415,683,458,-1,415,458,414,-1,90,159,684,-1,240,365,685,-1,685,365,686,-1,685,686,687,-1,687,686,688,-1,687,688,689,-1,688,690,689,-1,689,690,691,-1,689,691,692,-1,692,691,693,-1,694,695,696,-1,696,695,697,-1,696,697,698,-1,698,697,693,-1,698,693,699,-1,699,693,691,-1,101,90,694,-1,694,90,684,-1,694,684,695,-1,700,244,353,-1,353,701,700,-1,700,701,702,-1,700,702,703,-1,703,702,704,-1,702,705,704,-1,704,705,706,-1,704,706,707,-1,707,706,708,-1,709,188,189,-1,706,710,708,-1,708,710,711,-1,708,711,712,-1,712,711,713,-1,712,713,714,-1,714,713,709,-1,714,709,715,-1,715,709,189,-1,715,189,190,-1,318,238,240,-1,240,685,318,-1,318,685,687,-1,318,687,319,-1,687,689,319,-1,319,689,692,-1,319,692,320,-1,338,339,716,-1,692,693,320,-1,320,693,697,-1,320,697,321,-1,321,697,695,-1,321,695,339,-1,716,717,338,-1,338,717,718,-1,338,718,336,-1,718,719,336,-1,336,719,720,-1,336,720,343,-1,367,342,721,-1,721,342,343,-1,721,343,722,-1,722,343,720,-1,339,695,716,-1,716,695,684,-1,716,684,723,-1,723,684,159,-1,723,159,157,-1,696,724,725,-1,322,324,699,-1,699,691,322,-1,322,691,690,-1,322,690,329,-1,365,328,686,-1,686,328,329,-1,686,329,688,-1,688,329,690,-1,696,725,694,-1,694,725,103,-1,694,103,101,-1,333,331,726,-1,726,727,333,-1,333,727,728,-1,333,728,334,-1,334,728,724,-1,334,724,325,-1,325,724,696,-1,325,696,324,-1,324,696,698,-1,324,698,699,-1,330,234,236,-1,236,729,330,-1,330,729,730,-1,330,730,331,-1,331,730,731,-1,331,731,726,-1,297,242,244,-1,244,700,297,-1,297,700,703,-1,297,703,298,-1,703,704,298,-1,298,704,707,-1,298,707,299,-1,289,290,732,-1,732,290,300,-1,732,733,289,-1,289,733,734,-1,289,734,287,-1,734,735,287,-1,287,735,736,-1,287,736,294,-1,351,293,737,-1,737,293,294,-1,737,294,738,-1,738,294,736,-1,707,708,299,-1,299,708,712,-1,299,712,300,-1,300,712,714,-1,300,714,732,-1,732,714,715,-1,732,715,739,-1,739,715,190,-1,739,190,191,-1,713,740,741,-1,301,303,710,-1,710,706,301,-1,301,706,705,-1,301,705,308,-1,353,307,701,-1,701,307,308,-1,701,308,702,-1,702,308,705,-1,713,741,709,-1,709,741,186,-1,709,186,188,-1,285,284,742,-1,742,743,285,-1,285,743,744,-1,285,744,286,-1,286,744,740,-1,286,740,304,-1,304,740,713,-1,304,713,303,-1,303,713,711,-1,303,711,710,-1,283,246,248,-1,248,745,283,-1,283,745,746,-1,283,746,284,-1,284,746,747,-1,284,747,742,-1,722,730,729,-1,236,367,729,-1,729,367,721,-1,729,721,722,-1,730,722,731,-1,731,722,720,-1,731,720,726,-1,726,720,719,-1,726,719,727,-1,727,719,718,-1,727,718,728,-1,718,717,728,-1,728,717,716,-1,728,716,724,-1,724,716,723,-1,724,723,725,-1,725,723,157,-1,725,157,103,-1,274,429,748,-1,748,429,749,-1,750,751,749,-1,749,751,752,-1,749,752,748,-1,753,754,750,-1,750,754,755,-1,750,755,751,-1,750,756,753,-1,753,756,757,-1,753,757,758,-1,758,757,759,-1,758,759,760,-1,760,759,104,-1,760,104,105,-1,738,746,745,-1,248,351,745,-1,745,351,737,-1,745,737,738,-1,735,742,747,-1,746,738,747,-1,747,738,736,-1,747,736,735,-1,742,735,743,-1,743,735,734,-1,743,734,744,-1,734,733,744,-1,744,733,732,-1,744,732,740,-1,740,732,739,-1,740,739,741,-1,741,739,191,-1,741,191,186,-1,157,156,761,-1,760,105,103,-1,762,758,763,-1,763,758,760,-1,763,760,761,-1,761,760,103,-1,761,103,157,-1,270,274,764,-1,764,274,748,-1,764,748,765,-1,765,748,752,-1,765,752,766,-1,766,752,751,-1,766,751,767,-1,767,751,755,-1,767,755,768,-1,768,755,754,-1,768,754,762,-1,762,754,753,-1,762,753,758,-1,191,193,196,-1,769,187,186,-1,191,196,186,-1,186,196,769,-1,769,196,198,-1,769,198,770,-1,770,198,200,-1,770,200,771,-1,771,200,772,-1,772,200,201,-1,772,201,773,-1,773,201,203,-1,773,203,774,-1,774,203,204,-1,774,204,775,-1,204,206,775,-1,775,206,207,-1,775,207,776,-1,776,207,209,-1,776,209,252,-1,252,270,776,-1,776,270,764,-1,776,764,775,-1,764,765,775,-1,775,765,766,-1,775,766,774,-1,774,766,767,-1,774,767,773,-1,773,767,768,-1,773,768,772,-1,772,768,771,-1,761,156,158,-1,768,762,771,-1,771,762,763,-1,771,763,770,-1,770,763,761,-1,770,761,769,-1,769,761,158,-1,769,158,187,-1,497,496,777,-1,493,492,778,-1,534,533,779,-1,539,538,780,-1,544,543,781,-1,542,541,782,-1,519,518,783,-1,514,515,784,-1,512,511,785,-1,507,508,786,-1,509,521,787,-1,524,525,788,-1,528,527,789,-1,530,529,790,-1,505,504,791,-1,503,502,792,-1,551,550,793,-1,793,550,794,-1,793,794,795,-1,795,794,796,-1,795,796,797,-1,797,796,798,-1,797,798,799,-1,799,798,800,-1,799,800,801,-1,801,800,792,-1,552,557,802,-1,802,557,803,-1,802,803,804,-1,804,803,805,-1,804,805,806,-1,806,805,807,-1,806,807,808,-1,808,807,809,-1,808,809,810,-1,810,809,789,-1,560,559,811,-1,811,559,812,-1,811,812,813,-1,813,812,814,-1,813,814,815,-1,815,814,816,-1,815,816,817,-1,817,816,818,-1,817,818,819,-1,819,818,787,-1,561,566,820,-1,820,566,821,-1,820,821,822,-1,822,821,823,-1,822,823,824,-1,824,823,825,-1,824,825,826,-1,826,825,827,-1,826,827,828,-1,828,827,784,-1,569,568,829,-1,829,568,830,-1,829,830,831,-1,831,830,832,-1,831,832,833,-1,833,832,834,-1,833,834,835,-1,835,834,836,-1,835,836,837,-1,837,836,782,-1,571,570,838,-1,838,570,839,-1,838,839,840,-1,840,839,841,-1,840,841,842,-1,842,841,843,-1,842,843,844,-1,844,843,845,-1,844,845,846,-1,846,845,780,-1,577,576,847,-1,847,576,848,-1,847,848,849,-1,849,848,850,-1,849,850,851,-1,851,850,852,-1,851,852,853,-1,853,852,854,-1,853,854,855,-1,855,854,777,-1,546,551,856,-1,856,551,793,-1,856,793,857,-1,857,793,795,-1,857,795,858,-1,858,795,797,-1,858,797,859,-1,859,797,799,-1,859,799,860,-1,860,799,801,-1,860,801,499,-1,499,801,500,-1,792,502,801,-1,801,502,501,-1,801,501,500,-1,504,503,791,-1,791,503,792,-1,791,792,861,-1,861,792,800,-1,861,800,862,-1,862,800,798,-1,862,798,863,-1,863,798,796,-1,863,796,864,-1,864,796,794,-1,864,794,549,-1,549,794,550,-1,506,505,865,-1,865,505,791,-1,865,791,866,-1,866,791,861,-1,866,861,867,-1,867,861,862,-1,867,862,868,-1,868,862,863,-1,868,863,869,-1,869,863,864,-1,869,864,554,-1,554,864,549,-1,554,553,869,-1,869,553,870,-1,869,870,868,-1,868,870,871,-1,868,871,867,-1,867,871,872,-1,867,872,866,-1,866,872,873,-1,866,873,865,-1,865,873,790,-1,865,790,506,-1,506,790,529,-1,531,530,810,-1,810,530,790,-1,810,790,808,-1,808,790,873,-1,808,873,806,-1,806,873,872,-1,806,872,804,-1,804,872,871,-1,804,871,802,-1,802,871,870,-1,802,870,552,-1,552,870,553,-1,789,527,810,-1,810,527,532,-1,810,532,531,-1,526,528,874,-1,874,528,789,-1,874,789,875,-1,875,789,809,-1,875,809,876,-1,876,809,807,-1,876,807,877,-1,877,807,805,-1,877,805,878,-1,878,805,803,-1,878,803,556,-1,556,803,557,-1,556,555,878,-1,878,555,879,-1,878,879,877,-1,877,879,880,-1,877,880,876,-1,876,880,881,-1,876,881,875,-1,875,881,882,-1,875,882,874,-1,874,882,788,-1,874,788,526,-1,526,788,525,-1,523,524,819,-1,819,524,788,-1,819,788,817,-1,817,788,882,-1,817,882,815,-1,815,882,881,-1,815,881,813,-1,813,881,880,-1,813,880,811,-1,811,880,879,-1,811,879,560,-1,560,879,555,-1,787,521,819,-1,819,521,522,-1,819,522,523,-1,508,509,786,-1,786,509,787,-1,786,787,883,-1,883,787,818,-1,883,818,884,-1,884,818,816,-1,884,816,885,-1,885,816,814,-1,885,814,886,-1,886,814,812,-1,886,812,558,-1,558,812,559,-1,510,507,887,-1,887,507,786,-1,887,786,888,-1,888,786,883,-1,888,883,889,-1,889,883,884,-1,889,884,890,-1,890,884,885,-1,890,885,891,-1,891,885,886,-1,891,886,563,-1,563,886,558,-1,563,562,891,-1,891,562,892,-1,891,892,890,-1,890,892,893,-1,890,893,889,-1,889,893,894,-1,889,894,888,-1,888,894,895,-1,888,895,887,-1,887,895,785,-1,887,785,510,-1,510,785,511,-1,513,512,828,-1,828,512,785,-1,828,785,826,-1,826,785,895,-1,826,895,824,-1,824,895,894,-1,824,894,822,-1,822,894,893,-1,822,893,820,-1,820,893,892,-1,820,892,561,-1,561,892,562,-1,784,515,828,-1,828,515,516,-1,828,516,513,-1,517,514,896,-1,896,514,784,-1,896,784,897,-1,897,784,827,-1,897,827,898,-1,898,827,825,-1,898,825,899,-1,899,825,823,-1,899,823,900,-1,900,823,821,-1,900,821,565,-1,565,821,566,-1,565,564,900,-1,900,564,901,-1,900,901,899,-1,899,901,902,-1,899,902,898,-1,898,902,903,-1,898,903,897,-1,897,903,904,-1,897,904,896,-1,896,904,783,-1,896,783,517,-1,517,783,518,-1,520,519,837,-1,837,519,783,-1,837,783,835,-1,835,783,904,-1,835,904,833,-1,833,904,903,-1,833,903,831,-1,831,903,902,-1,831,902,829,-1,829,902,901,-1,829,901,569,-1,569,901,564,-1,782,541,837,-1,837,541,540,-1,837,540,520,-1,543,542,781,-1,781,542,782,-1,781,782,905,-1,905,782,836,-1,905,836,906,-1,906,836,834,-1,906,834,907,-1,907,834,832,-1,907,832,908,-1,908,832,830,-1,908,830,567,-1,567,830,568,-1,545,544,909,-1,909,544,781,-1,909,781,910,-1,910,781,905,-1,910,905,911,-1,911,905,906,-1,911,906,912,-1,912,906,907,-1,912,907,913,-1,913,907,908,-1,913,908,572,-1,572,908,567,-1,572,571,913,-1,913,571,838,-1,913,838,912,-1,912,838,840,-1,912,840,911,-1,911,840,842,-1,911,842,910,-1,910,842,844,-1,910,844,909,-1,909,844,846,-1,909,846,545,-1,545,846,536,-1,780,538,846,-1,846,538,537,-1,846,537,536,-1,533,539,779,-1,779,539,780,-1,779,780,914,-1,914,780,845,-1,914,845,915,-1,915,845,843,-1,915,843,916,-1,916,843,841,-1,916,841,917,-1,917,841,839,-1,917,839,575,-1,575,839,570,-1,535,534,918,-1,918,534,779,-1,918,779,919,-1,919,779,914,-1,919,914,920,-1,920,914,915,-1,920,915,921,-1,921,915,916,-1,921,916,922,-1,922,916,917,-1,922,917,574,-1,574,917,575,-1,574,573,922,-1,922,573,923,-1,922,923,921,-1,921,923,924,-1,921,924,920,-1,920,924,925,-1,920,925,919,-1,919,925,926,-1,919,926,918,-1,918,926,778,-1,918,778,535,-1,535,778,492,-1,494,493,855,-1,855,493,778,-1,855,778,853,-1,853,778,926,-1,853,926,851,-1,851,926,925,-1,851,925,849,-1,849,925,924,-1,849,924,847,-1,847,924,923,-1,847,923,577,-1,577,923,573,-1,777,496,855,-1,855,496,495,-1,855,495,494,-1,498,497,927,-1,927,497,777,-1,927,777,928,-1,928,777,854,-1,928,854,929,-1,929,854,852,-1,929,852,930,-1,930,852,850,-1,930,850,931,-1,931,850,848,-1,931,848,547,-1,547,848,576,-1,547,546,931,-1,931,546,856,-1,931,856,930,-1,930,856,857,-1,930,857,929,-1,929,857,858,-1,929,858,928,-1,928,858,859,-1,928,859,927,-1,927,859,860,-1,927,860,498,-1,498,860,499,-1,583,582,932,-1,579,578,933,-1,620,619,934,-1,625,624,935,-1,630,629,936,-1,628,627,937,-1,605,604,938,-1,600,601,939,-1,598,597,940,-1,593,594,941,-1,595,607,942,-1,610,611,943,-1,614,613,944,-1,616,615,945,-1,591,590,946,-1,589,588,947,-1,637,636,948,-1,948,636,949,-1,948,949,950,-1,950,949,951,-1,950,951,952,-1,952,951,953,-1,952,953,954,-1,954,953,955,-1,954,955,956,-1,956,955,947,-1,638,643,957,-1,957,643,958,-1,957,958,959,-1,959,958,960,-1,959,960,961,-1,961,960,962,-1,961,962,963,-1,963,962,964,-1,963,964,965,-1,965,964,944,-1,646,645,966,-1,966,645,967,-1,966,967,968,-1,968,967,969,-1,968,969,970,-1,970,969,971,-1,970,971,972,-1,972,971,973,-1,972,973,974,-1,974,973,942,-1,647,652,975,-1,975,652,976,-1,975,976,977,-1,977,976,978,-1,977,978,979,-1,979,978,980,-1,979,980,981,-1,981,980,982,-1,981,982,983,-1,983,982,939,-1,655,654,984,-1,984,654,985,-1,984,985,986,-1,986,985,987,-1,986,987,988,-1,988,987,989,-1,988,989,990,-1,990,989,991,-1,990,991,992,-1,992,991,937,-1,657,656,993,-1,993,656,994,-1,993,994,995,-1,995,994,996,-1,995,996,997,-1,997,996,998,-1,997,998,999,-1,999,998,1000,-1,999,1000,1001,-1,1001,1000,935,-1,663,662,1002,-1,1002,662,1003,-1,1002,1003,1004,-1,1004,1003,1005,-1,1004,1005,1006,-1,1006,1005,1007,-1,1006,1007,1008,-1,1008,1007,1009,-1,1008,1009,1010,-1,1010,1009,932,-1,632,637,1011,-1,1011,637,948,-1,1011,948,1012,-1,1012,948,950,-1,1012,950,1013,-1,1013,950,952,-1,1013,952,1014,-1,1014,952,954,-1,1014,954,1015,-1,1015,954,956,-1,1015,956,585,-1,585,956,586,-1,947,588,956,-1,956,588,587,-1,956,587,586,-1,590,589,946,-1,946,589,947,-1,946,947,1016,-1,1016,947,955,-1,1016,955,1017,-1,1017,955,953,-1,1017,953,1018,-1,1018,953,951,-1,1018,951,1019,-1,1019,951,949,-1,1019,949,635,-1,635,949,636,-1,592,591,1020,-1,1020,591,946,-1,1020,946,1021,-1,1021,946,1016,-1,1021,1016,1022,-1,1022,1016,1017,-1,1022,1017,1023,-1,1023,1017,1018,-1,1023,1018,1024,-1,1024,1018,1019,-1,1024,1019,640,-1,640,1019,635,-1,640,639,1024,-1,1024,639,1025,-1,1024,1025,1023,-1,1023,1025,1026,-1,1023,1026,1022,-1,1022,1026,1027,-1,1022,1027,1021,-1,1021,1027,1028,-1,1021,1028,1020,-1,1020,1028,945,-1,1020,945,592,-1,592,945,615,-1,617,616,965,-1,965,616,945,-1,965,945,963,-1,963,945,1028,-1,963,1028,961,-1,961,1028,1027,-1,961,1027,959,-1,959,1027,1026,-1,959,1026,957,-1,957,1026,1025,-1,957,1025,638,-1,638,1025,639,-1,944,613,965,-1,965,613,618,-1,965,618,617,-1,612,614,1029,-1,1029,614,944,-1,1029,944,1030,-1,1030,944,964,-1,1030,964,1031,-1,1031,964,962,-1,1031,962,1032,-1,1032,962,960,-1,1032,960,1033,-1,1033,960,958,-1,1033,958,642,-1,642,958,643,-1,642,641,1033,-1,1033,641,1034,-1,1033,1034,1032,-1,1032,1034,1035,-1,1032,1035,1031,-1,1031,1035,1036,-1,1031,1036,1030,-1,1030,1036,1037,-1,1030,1037,1029,-1,1029,1037,943,-1,1029,943,612,-1,612,943,611,-1,609,610,974,-1,974,610,943,-1,974,943,972,-1,972,943,1037,-1,972,1037,970,-1,970,1037,1036,-1,970,1036,968,-1,968,1036,1035,-1,968,1035,966,-1,966,1035,1034,-1,966,1034,646,-1,646,1034,641,-1,942,607,974,-1,974,607,608,-1,974,608,609,-1,594,595,941,-1,941,595,942,-1,941,942,1038,-1,1038,942,973,-1,1038,973,1039,-1,1039,973,971,-1,1039,971,1040,-1,1040,971,969,-1,1040,969,1041,-1,1041,969,967,-1,1041,967,644,-1,644,967,645,-1,596,593,1042,-1,1042,593,941,-1,1042,941,1043,-1,1043,941,1038,-1,1043,1038,1044,-1,1044,1038,1039,-1,1044,1039,1045,-1,1045,1039,1040,-1,1045,1040,1046,-1,1046,1040,1041,-1,1046,1041,649,-1,649,1041,644,-1,649,648,1046,-1,1046,648,1047,-1,1046,1047,1045,-1,1045,1047,1048,-1,1045,1048,1044,-1,1044,1048,1049,-1,1044,1049,1043,-1,1043,1049,1050,-1,1043,1050,1042,-1,1042,1050,940,-1,1042,940,596,-1,596,940,597,-1,599,598,983,-1,983,598,940,-1,983,940,981,-1,981,940,1050,-1,981,1050,979,-1,979,1050,1049,-1,979,1049,977,-1,977,1049,1048,-1,977,1048,975,-1,975,1048,1047,-1,975,1047,647,-1,647,1047,648,-1,939,601,983,-1,983,601,602,-1,983,602,599,-1,603,600,1051,-1,1051,600,939,-1,1051,939,1052,-1,1052,939,982,-1,1052,982,1053,-1,1053,982,980,-1,1053,980,1054,-1,1054,980,978,-1,1054,978,1055,-1,1055,978,976,-1,1055,976,651,-1,651,976,652,-1,651,650,1055,-1,1055,650,1056,-1,1055,1056,1054,-1,1054,1056,1057,-1,1054,1057,1053,-1,1053,1057,1058,-1,1053,1058,1052,-1,1052,1058,1059,-1,1052,1059,1051,-1,1051,1059,938,-1,1051,938,603,-1,603,938,604,-1,606,605,992,-1,992,605,938,-1,992,938,990,-1,990,938,1059,-1,990,1059,988,-1,988,1059,1058,-1,988,1058,986,-1,986,1058,1057,-1,986,1057,984,-1,984,1057,1056,-1,984,1056,655,-1,655,1056,650,-1,937,627,992,-1,992,627,626,-1,992,626,606,-1,629,628,936,-1,936,628,937,-1,936,937,1060,-1,1060,937,991,-1,1060,991,1061,-1,1061,991,989,-1,1061,989,1062,-1,1062,989,987,-1,1062,987,1063,-1,1063,987,985,-1,1063,985,653,-1,653,985,654,-1,631,630,1064,-1,1064,630,936,-1,1064,936,1065,-1,1065,936,1060,-1,1065,1060,1066,-1,1066,1060,1061,-1,1066,1061,1067,-1,1067,1061,1062,-1,1067,1062,1068,-1,1068,1062,1063,-1,1068,1063,658,-1,658,1063,653,-1,658,657,1068,-1,1068,657,993,-1,1068,993,1067,-1,1067,993,995,-1,1067,995,1066,-1,1066,995,997,-1,1066,997,1065,-1,1065,997,999,-1,1065,999,1064,-1,1064,999,1001,-1,1064,1001,631,-1,631,1001,622,-1,935,624,1001,-1,1001,624,623,-1,1001,623,622,-1,619,625,934,-1,934,625,935,-1,934,935,1069,-1,1069,935,1000,-1,1069,1000,1070,-1,1070,1000,998,-1,1070,998,1071,-1,1071,998,996,-1,1071,996,1072,-1,1072,996,994,-1,1072,994,661,-1,661,994,656,-1,621,620,1073,-1,1073,620,934,-1,1073,934,1074,-1,1074,934,1069,-1,1074,1069,1075,-1,1075,1069,1070,-1,1075,1070,1076,-1,1076,1070,1071,-1,1076,1071,1077,-1,1077,1071,1072,-1,1077,1072,660,-1,660,1072,661,-1,660,659,1077,-1,1077,659,1078,-1,1077,1078,1076,-1,1076,1078,1079,-1,1076,1079,1075,-1,1075,1079,1080,-1,1075,1080,1074,-1,1074,1080,1081,-1,1074,1081,1073,-1,1073,1081,933,-1,1073,933,621,-1,621,933,578,-1,580,579,1010,-1,1010,579,933,-1,1010,933,1008,-1,1008,933,1081,-1,1008,1081,1006,-1,1006,1081,1080,-1,1006,1080,1004,-1,1004,1080,1079,-1,1004,1079,1002,-1,1002,1079,1078,-1,1002,1078,663,-1,663,1078,659,-1,932,582,1010,-1,1010,582,581,-1,1010,581,580,-1,584,583,1082,-1,1082,583,932,-1,1082,932,1083,-1,1083,932,1009,-1,1083,1009,1084,-1,1084,1009,1007,-1,1084,1007,1085,-1,1085,1007,1005,-1,1085,1005,1086,-1,1086,1005,1003,-1,1086,1003,633,-1,633,1003,662,-1,633,632,1086,-1,1086,632,1011,-1,1086,1011,1085,-1,1085,1011,1012,-1,1085,1012,1084,-1,1084,1012,1013,-1,1084,1013,1083,-1,1083,1013,1014,-1,1083,1014,1082,-1,1082,1014,1015,-1,1082,1015,584,-1,584,1015,585,-1,100,1087,99,-1,99,1087,438,-1,99,438,232,-1,228,226,224,-1,232,230,99,-1,99,230,228,-1,99,228,222,-1,222,228,224,-1,1087,1088,438,-1,438,1088,430,-1,750,749,756,-1,756,749,429,-1,756,429,757,-1,1088,102,430,-1,430,102,104,-1,430,104,429,-1,429,104,759,-1,429,759,757,-1,1088,1087,102,-1,102,1087,100,-1,85,1089,83,-1,83,1089,419,-1,83,419,220,-1,216,214,212,-1,220,218,83,-1,83,218,216,-1,83,216,210,-1,210,216,212,-1,1089,1090,419,-1,419,1090,428,-1,231,233,81,-1,428,1090,233,-1,233,1090,82,-1,233,82,81,-1,225,227,229,-1,231,81,229,-1,229,81,223,-1,229,223,225,-1,1090,1089,82,-1,82,1089,85,-1,192,1091,194,-1,194,1091,417,-1,194,417,208,-1,202,199,197,-1,208,205,194,-1,194,205,202,-1,194,202,195,-1,195,202,197,-1,1091,1092,417,-1,417,1092,418,-1,219,221,84,-1,418,1092,221,-1,221,1092,86,-1,221,86,84,-1,213,215,217,-1,219,84,217,-1,217,84,211,-1,217,211,213,-1,1092,1091,86,-1,86,1091,192,-1,
        ]
    }
}
Shape{
    appearance Appearance {
        material  Material 	{
            diffuseColor 1.0 1.0 1.0
            specularColor 0.8784313725490196 0.8784313725490196 0.8784313725490196
            ambientIntensity 1.0
            transparency 0.0
            shininess 0.5
        }
    }
    geometry IndexedFaceSet {
        ccw TRUE
        solid FALSE
        coord DEF co Coordinate {
            point [
                -0.0571 0.1406 -0.0039, -0.0571 0.132 -0.0039, -0.0571 0.1406 0.0, -0.0571 0.132 0.0, -0.0273 0.1406 -0.0039, -0.0273 0.1406 0.0, -0.0273 0.2107 -0.0039, -0.0273 0.2107 0.0, -0.0167 0.2107 -0.0039, -0.0167 0.2107 0.0, -0.0167 0.132 -0.0039, -0.0167 0.132 0.0, -0.1224 0.1447 -0.0039, -0.1224 0.1361 -0.0039, -0.1224 0.1447 0.0, -0.1224 0.1361 0.0, -0.121 0.1439 0.0, -0.121 0.1439 -0.0039, -0.1126 0.1408 0.0, -0.1126 0.1408 -0.0039, -0.1022 0.1397 0.0, -0.1022 0.1397 -0.0039, -0.0948 0.1405 0.0, -0.0948 0.1405 -0.0039, -0.0891 0.1426 0.0, -0.0891 0.1426 -0.0039, -0.0843 0.1458 0.0, -0.0843 0.1458 -0.0039, -0.0806 0.1497 0.0, -0.0806 0.1497 -0.0039, -0.0773 0.1552 0.0, -0.0773 0.1552 -0.0039, -0.0752 0.162 0.0, -0.0752 0.162 -0.0039, -0.0744 0.1705 0.0, -0.0744 0.1705 -0.0039, -0.0747 0.1766 0.0, -0.0747 0.1766 -0.0039, -0.0768 0.1851 0.0, -0.0768 0.1851 -0.0039, -0.0801 0.1911 0.0, -0.0801 0.1911 -0.0039, -0.0848 0.1964 0.0, -0.0848 0.1964 -0.0039, -0.0903 0.2 0.0, -0.0903 0.2 -0.0039, -0.0962 0.2022 0.0, -0.0962 0.2022 -0.0039, -0.1039 0.203 0.0, -0.1039 0.203 -0.0039, -0.1135 0.2018 0.0, -0.1135 0.2018 -0.0039, -0.1224 0.198 0.0, -0.1224 0.198 -0.0039, -0.1224 0.2086 -0.0039, -0.1224 0.2086 0.0, -0.1133 0.211 0.0, -0.1133 0.211 -0.0039, -0.1038 0.2117 0.0, -0.1038 0.2117 -0.0039, -0.0959 0.211 0.0, -0.0959 0.211 -0.0039, -0.0872 0.2085 0.0, -0.0872 0.2085 -0.0039, -0.0797 0.2042 0.0, -0.0797 0.2042 -0.0039, -0.0726 0.1973 0.0, -0.0726 0.1973 -0.0039, -0.068 0.19 0.0, -0.068 0.19 -0.0039, -0.0649 0.1811 0.0, -0.0649 0.1811 -0.0039, -0.0638 0.1699 0.0, -0.0638 0.1699 -0.0039, -0.0646 0.1607 0.0, -0.0646 0.1607 -0.0039, -0.0669 0.1524 0.0, -0.0669 0.1524 -0.0039, -0.0711 0.1449 0.0, -0.0711 0.1449 -0.0039, -0.077 0.1387 0.0, -0.077 0.1387 -0.0039, -0.0834 0.1346 0.0, -0.0834 0.1346 -0.0039, -0.091 0.132 0.0, -0.091 0.132 -0.0039, -0.1007 0.131 -0.0039, -0.0961 0.1315 0.0, -0.1007 0.131 0.0, -0.114 0.1326 -0.0039, -0.1029 0.131 0.0, -0.1029 0.131 -0.0039, -0.106 0.1315 0.0, -0.114 0.1326 0.0, -0.18 0.1406 -0.0039, -0.18 0.132 -0.0039, -0.18 0.1406 0.0, -0.18 0.132 0.0, -0.1483 0.1406 -0.0039, -0.1483 0.1406 0.0, -0.1483 0.1675 -0.0039, -0.1483 0.1675 0.0, -0.1761 0.1675 -0.0039, -0.1761 0.1675 0.0, -0.1761 0.1761 -0.0039, -0.1761 0.1761 0.0, -0.1483 0.1761 -0.0039, -0.1483 0.1761 0.0, -0.1483 0.2021 -0.0039, -0.1483 0.2021 0.0, -0.1781 0.2021 -0.0039, -0.1781 0.2021 0.0, -0.1781 0.2107 -0.0039, -0.1781 0.2107 0.0, -0.1377 0.2107 -0.0039, -0.1377 0.2107 0.0, -0.1377 0.132 -0.0039, -0.1377 0.132 0.0, -0.256 0.1875 -0.0039, -0.2524 0.1943 -0.0039, -0.2429 0.191 -0.0039, -0.2468 0.2004 -0.0039, -0.2391 0.1951 -0.0039, -0.2467 0.2005 -0.0039, -0.2333 0.1988 -0.0039, -0.2382 0.2063 -0.0039, -0.2268 0.2011 -0.0039, -0.229 0.2095 -0.0039, -0.2175 0.2021 -0.0039, -0.2176 0.2107 -0.0039, -0.2059 0.2021 -0.0039, -0.1954 0.2107 -0.0039, -0.2059 0.1406 -0.0039, -0.1954 0.132 -0.0039, -0.2171 0.1406 -0.0039, -0.2168 0.132 -0.0039, -0.2254 0.1414 -0.0039, -0.2265 0.1328 -0.0039, -0.232 0.1435 -0.0039, -0.2356 0.1355 -0.0039, -0.2374 0.1466 -0.0039, -0.2438 0.1403 -0.0039, -0.2418 0.151 -0.0039, -0.2503 0.1465 -0.0039, -0.2451 0.1564 -0.0039, -0.2548 0.1536 -0.0039, -0.2474 0.1638 -0.0039, -0.2576 0.1618 -0.0039, -0.2482 0.1721 -0.0039, -0.2587 0.1723 -0.0039, -0.2475 0.1799 -0.0039, -0.2582 0.1797 -0.0039, -0.2457 0.1862 -0.0039, -0.2168 0.132 0.0, -0.1954 0.132 0.0, -0.2265 0.1328 0.0, -0.2356 0.1355 0.0, -0.2438 0.1403 0.0, -0.2503 0.1465 0.0, -0.2548 0.1536 0.0, -0.2576 0.1618 0.0, -0.2587 0.1723 0.0, -0.2582 0.1797 0.0, -0.256 0.1875 0.0, -0.2524 0.1943 0.0, -0.2468 0.2004 0.0, -0.2467 0.2005 0.0, -0.2382 0.2063 0.0, -0.229 0.2095 0.0, -0.2176 0.2107 0.0, -0.1954 0.2107 0.0, -0.2175 0.2021 0.0, -0.2059 0.2021 0.0, -0.2059 0.1406 0.0, -0.2171 0.1406 0.0, -0.2482 0.1721 0.0, -0.2474 0.1638 0.0, -0.2451 0.1564 0.0, -0.2418 0.151 0.0, -0.2374 0.1466 0.0, -0.232 0.1435 0.0, -0.2254 0.1414 0.0, -0.2268 0.2011 0.0, -0.2333 0.1988 0.0, -0.2391 0.1951 0.0, -0.2429 0.191 0.0, -0.2457 0.1862 0.0, -0.2475 0.1799 0.0
            ]
        }
        coordIndex [
            0,1,2,-1,2,1,3,-1,4,0,5,-1,5,0,2,-1,6,4,7,-1,7,4,5,-1,8,6,9,-1,9,6,7,-1,10,8,11,-1,11,8,9,-1,1,10,3,-1,3,10,11,-1,6,8,4,-1,4,8,10,-1,4,10,0,-1,0,10,1,-1,12,13,14,-1,14,13,15,-1,12,14,16,-1,12,16,17,-1,17,16,18,-1,17,18,19,-1,19,18,20,-1,19,20,21,-1,21,20,22,-1,21,22,23,-1,23,22,24,-1,23,24,25,-1,25,24,26,-1,25,26,27,-1,27,26,28,-1,27,28,29,-1,29,28,30,-1,29,30,31,-1,31,30,32,-1,31,32,33,-1,33,32,34,-1,33,34,35,-1,35,34,36,-1,35,36,37,-1,37,36,38,-1,37,38,39,-1,39,38,40,-1,39,40,41,-1,41,40,42,-1,41,42,43,-1,43,42,44,-1,43,44,45,-1,45,44,46,-1,45,46,47,-1,47,46,48,-1,47,48,49,-1,49,48,50,-1,49,50,51,-1,51,50,52,-1,51,52,53,-1,54,53,55,-1,55,53,52,-1,54,55,56,-1,54,56,57,-1,57,56,58,-1,57,58,59,-1,59,58,60,-1,59,60,61,-1,61,60,62,-1,61,62,63,-1,63,62,64,-1,63,64,65,-1,65,64,66,-1,65,66,67,-1,67,66,68,-1,67,68,69,-1,69,68,70,-1,69,70,71,-1,71,70,72,-1,71,72,73,-1,73,72,74,-1,73,74,75,-1,75,74,76,-1,75,76,77,-1,77,76,78,-1,77,78,79,-1,79,78,80,-1,79,80,81,-1,81,80,82,-1,81,82,83,-1,83,82,84,-1,83,84,85,-1,85,84,86,-1,86,84,87,-1,86,87,88,-1,15,13,89,-1,86,88,90,-1,86,90,91,-1,91,90,92,-1,91,92,89,-1,89,92,93,-1,89,93,15,-1,23,86,21,-1,21,86,91,-1,21,91,19,-1,19,91,89,-1,19,89,17,-1,17,89,13,-1,17,13,12,-1,53,54,51,-1,51,54,57,-1,51,57,49,-1,49,57,59,-1,49,59,47,-1,47,59,61,-1,47,61,45,-1,45,61,63,-1,45,63,43,-1,43,63,65,-1,43,65,41,-1,41,65,67,-1,41,67,39,-1,39,67,69,-1,39,69,37,-1,37,69,71,-1,37,71,35,-1,35,71,73,-1,35,73,33,-1,33,73,75,-1,33,75,31,-1,31,75,77,-1,31,77,29,-1,29,77,79,-1,29,79,27,-1,27,79,81,-1,27,81,25,-1,25,81,83,-1,25,83,23,-1,23,83,85,-1,23,85,86,-1,94,95,96,-1,96,95,97,-1,98,94,99,-1,99,94,96,-1,100,98,101,-1,101,98,99,-1,102,100,103,-1,103,100,101,-1,104,102,105,-1,105,102,103,-1,106,104,107,-1,107,104,105,-1,108,106,109,-1,109,106,107,-1,110,108,111,-1,111,108,109,-1,112,110,113,-1,113,110,111,-1,114,112,115,-1,115,112,113,-1,116,114,117,-1,117,114,115,-1,95,116,97,-1,97,116,117,-1,116,95,94,-1,94,98,116,-1,116,98,100,-1,116,100,114,-1,110,112,108,-1,108,112,114,-1,108,114,106,-1,106,114,100,-1,106,100,104,-1,104,100,102,-1,118,119,120,-1,120,119,121,-1,120,121,122,-1,122,121,123,-1,122,123,124,-1,124,123,125,-1,124,125,126,-1,126,125,127,-1,126,127,128,-1,128,127,129,-1,128,129,130,-1,130,129,131,-1,130,131,132,-1,132,131,133,-1,132,133,134,-1,134,133,135,-1,134,135,136,-1,136,135,137,-1,136,137,138,-1,138,137,139,-1,138,139,140,-1,140,139,141,-1,140,141,142,-1,142,141,143,-1,142,143,144,-1,144,143,145,-1,144,145,146,-1,146,145,147,-1,146,147,148,-1,148,147,149,-1,148,149,150,-1,150,149,151,-1,150,151,152,-1,152,151,118,-1,152,118,120,-1,135,133,153,-1,153,133,154,-1,135,153,155,-1,135,155,137,-1,137,155,156,-1,137,156,139,-1,139,156,157,-1,139,157,141,-1,141,157,158,-1,141,158,143,-1,143,158,159,-1,143,159,145,-1,145,159,160,-1,145,160,147,-1,147,160,161,-1,147,161,149,-1,149,161,162,-1,149,162,151,-1,151,162,163,-1,151,163,118,-1,118,163,164,-1,118,164,119,-1,119,164,165,-1,119,165,121,-1,121,165,166,-1,121,166,123,-1,123,166,167,-1,123,167,125,-1,125,167,168,-1,125,168,127,-1,127,168,169,-1,127,169,129,-1,131,129,170,-1,170,129,169,-1,133,131,154,-1,154,131,170,-1,128,130,171,-1,171,130,172,-1,130,132,172,-1,172,132,173,-1,132,134,173,-1,173,134,174,-1,148,175,176,-1,148,176,146,-1,146,176,177,-1,146,177,144,-1,144,177,178,-1,144,178,142,-1,142,178,179,-1,142,179,140,-1,140,179,180,-1,140,180,138,-1,138,180,181,-1,138,181,136,-1,136,181,174,-1,136,174,134,-1,128,171,182,-1,128,182,126,-1,126,182,183,-1,126,183,124,-1,124,183,184,-1,124,184,122,-1,122,184,185,-1,122,185,120,-1,120,185,186,-1,120,186,152,-1,152,186,187,-1,152,187,150,-1,150,187,175,-1,150,175,148,-1,
        ]
    }
}
Shape{
    appearance Appearance {
        material  Material 	{
            diffuseColor 0.25098039215686274 0.25098039215686274 0.25098039215686274
            specularColor 0.12549019607843137 0.12549019607843137 0.12549019607843137
            ambientIntensity 0.251
            transparency 0.0
            shininess 0.5
        }
    }
    geometry IndexedFaceSet {
        ccw TRUE
        solid FALSE
        coord DEF co Coordinate {
            point [
                -0.2059 0.2021 0.0, -0.2059 0.1406 0.0, -0.2175 0.2021 0.0, -0.2171 0.1406 0.0, -0.2254 0.1414 0.0, -0.2482 0.1721 0.0, -0.2475 0.1799 0.0, -0.2457 0.1862 0.0, -0.2268 0.2011 0.0, -0.232 0.1435 0.0, -0.2374 0.1466 0.0, -0.2418 0.151 0.0, -0.2451 0.1564 0.0, -0.2474 0.1638 0.0, -0.2429 0.191 0.0, -0.2391 0.1951 0.0, -0.2333 0.1988 0.0
            ]
        }
        coordIndex [
            0,1,2,-1,2,1,3,-1,2,3,4,-1,5,6,2,-1,2,6,7,-1,2,7,8,-1,4,9,2,-1,2,9,10,-1,2,10,11,-1,11,12,2,-1,2,12,13,-1,2,13,5,-1,14,15,7,-1,7,15,16,-1,7,16,8,-1,
        ]
    }
}
Shape{
    appearance Appearance {
        material  Material 	{
            diffuseColor 1.0 1.0 1.0
            specularColor 0.8784313725490196 0.8784313725490196 0.8784313725490196
            ambientIntensity 1.0
            transparency 0.0
            shininess 0.5
        }
    }
    geometry IndexedFaceSet {
        ccw TRUE
        solid FALSE
        coord DEF co Coordinate {
            point [
                -0.2862 0.1627 -0.0039, -0.2835 0.1541 -0.0039, -0.3125 0.1627 -0.0039, -0.3161 0.1541 -0.0039, -0.2979 0.1956 -0.0039, -0.2943 0.2107 -0.0039, -0.2645 0.132 -0.0039, -0.276 0.132 -0.0039, -0.2987 0.1983 -0.0039, -0.2992 0.2011 -0.0039, -0.3048 0.2107 -0.0039, -0.2995 0.2011 -0.0039, -0.3 0.1983 -0.0039, -0.3007 0.1956 -0.0039, -0.3356 0.132 -0.0039, -0.324 0.132 -0.0039, -0.3048 0.2107 0.0, -0.3356 0.132 0.0, -0.2943 0.2107 0.0, -0.2645 0.132 0.0, -0.276 0.132 0.0, -0.2835 0.1541 0.0, -0.3161 0.1541 0.0, -0.324 0.132 0.0, -0.2862 0.1627 0.0, -0.3125 0.1627 0.0, -0.3007 0.1956 0.0, -0.2995 0.2011 0.0, -0.3 0.1983 0.0, -0.2992 0.2011 0.0, -0.2979 0.1956 0.0, -0.2987 0.1983 0.0
            ]
        }
        coordIndex [
            0,1,2,-1,2,1,3,-1,4,5,0,-1,0,5,6,-1,0,6,1,-1,1,6,7,-1,4,8,5,-1,5,8,9,-1,5,9,10,-1,10,9,11,-1,10,11,12,-1,12,13,10,-1,10,13,2,-1,10,2,14,-1,14,2,3,-1,14,3,15,-1,10,14,16,-1,16,14,17,-1,5,10,18,-1,18,10,16,-1,6,5,19,-1,19,5,18,-1,7,6,20,-1,20,6,19,-1,1,7,21,-1,21,7,20,-1,3,1,22,-1,22,1,21,-1,15,3,23,-1,23,3,22,-1,14,15,17,-1,17,15,23,-1,0,2,24,-1,24,2,25,-1,2,13,25,-1,25,13,26,-1,11,27,28,-1,11,28,12,-1,12,28,26,-1,12,26,13,-1,11,9,27,-1,27,9,29,-1,4,30,31,-1,4,31,8,-1,8,31,29,-1,8,29,9,-1,4,0,30,-1,30,0,24,-1,
        ]
    }
}
Shape{
    appearance Appearance {
        material  Material 	{
            diffuseColor 0.25098039215686274 0.25098039215686274 0.25098039215686274
            specularColor 0.12549019607843137 0.12549019607843137 0.12549019607843137
            ambientIntensity 0.251
            transparency 0.0
            shininess 0.5
        }
    }
    geometry IndexedFaceSet {
        ccw TRUE
        solid FALSE
        coord DEF co Coordinate {
            point [
                -0.2862 0.1627 0.0, -0.3125 0.1627 0.0, -0.2979 0.1956 0.0, -0.3007 0.1956 0.0, -0.2987 0.1983 0.0, -0.3 0.1983 0.0, -0.2992 0.2011 0.0, -0.2995 0.2011 0.0, -0.7008 0.748 0.4724, -0.4882 0.748 0.4724, -0.7008 0.748 0.5512, -0.4882 0.748 0.5394, -0.5 0.748 0.5512, -0.4886 0.748 0.5424, -0.4898 0.748 0.5453, -0.4917 0.748 0.5477, -0.4941 0.748 0.5496, -0.4969 0.748 0.5508, -0.5 0.9055 0.5512, -0.7008 0.9055 0.5512, 0.1614 0.748 0.5512, 0.3622 0.748 0.5512, 0.1614 0.9055 0.5512, 0.3622 0.9055 0.5512, 0.1614 -0.9055 0.5512, 0.3622 -0.9055 0.5512, 0.1614 -0.748 0.5512, 0.3622 -0.748 0.5512, -0.7008 -0.748 0.4724, -0.7008 -0.748 0.5512, -0.4882 -0.748 0.4724, -0.5 -0.748 0.5512, -0.4882 -0.748 0.5394, -0.4969 -0.748 0.5508, -0.4941 -0.748 0.5496, -0.4917 -0.748 0.5477, -0.4898 -0.748 0.5453, -0.4886 -0.748 0.5424, -0.5 -0.9055 0.5512, -0.7008 -0.9055 0.5512, 0.1614 -0.9259 0.5485, 0.3622 -0.9259 0.5485, 0.1614 -0.9449 0.5406, 0.3622 -0.9449 0.5406, 0.1614 -0.9612 0.5281, 0.3622 -0.9612 0.5281, 0.1614 -0.9737 0.5118, 0.3622 -0.9737 0.5118, 0.1614 -0.9816 0.4928, 0.3622 -0.9816 0.4928, 0.1614 -0.9843 0.4724, 0.3622 -0.9843 0.4724, -0.7008 -0.9843 0.4724, -0.5 -0.9843 0.4724, -0.5 -0.9816 0.4928, -0.7008 -0.9816 0.4928, -0.5 -0.9737 0.5118, -0.7008 -0.9737 0.5118, -0.5 -0.9612 0.5281, -0.7008 -0.9612 0.5281, -0.5 -0.9449 0.5406, -0.7008 -0.9449 0.5406, -0.5 -0.9259 0.5485, -0.7008 -0.9259 0.5485, -0.5 0.9259 0.5485, -0.7008 0.9259 0.5485, -0.5 0.9449 0.5406, -0.7008 0.9449 0.5406, -0.5 0.9612 0.5281, -0.7008 0.9612 0.5281, -0.5 0.9737 0.5118, -0.7008 0.9737 0.5118, -0.5 0.9816 0.4928, -0.7008 0.9816 0.4928, -0.5 0.9843 0.4724, -0.7008 0.9843 0.4724, 0.3622 0.9259 0.5485, 0.1614 0.9259 0.5485, 0.3622 0.9449 0.5406, 0.1614 0.9449 0.5406, 0.3622 0.9612 0.5281, 0.1614 0.9612 0.5281, 0.3622 0.9737 0.5118, 0.1614 0.9737 0.5118, 0.3622 0.9816 0.4928, 0.1614 0.9816 0.4928, 0.3622 0.9843 0.4724, 0.1614 0.9843 0.4724, 0.1614 -0.9055 0.1969, 0.1614 -0.9646 0.1969, 0.1584 -0.9646 0.1973, 0.1584 -0.9055 0.1973, 0.1555 -0.9646 0.1984, 0.1555 -0.9055 0.1984, 0.1531 -0.9646 0.2003, 0.1531 -0.9055 0.2003, 0.1512 -0.9646 0.2028, 0.1512 -0.9055 0.2028, 0.15 -0.9646 0.2056, 0.15 -0.9055 0.2056, 0.1496 -0.9646 0.2087, 0.1496 -0.9055 0.2087, 0.1614 -0.9697 0.1975, 0.1584 -0.9696 0.1979, 0.1555 -0.9693 0.1991, 0.1531 -0.9688 0.2009, 0.1512 -0.9681 0.2032, 0.15 -0.9674 0.206, 0.1496 -0.9666 0.2089, 0.1614 -0.9744 0.1995, 0.1584 -0.9742 0.1998, 0.1555 -0.9736 0.2009, 0.1531 -0.9727 0.2025, 0.1512 -0.9715 0.2046, 0.15 -0.97 0.2071, 0.1496 -0.9685 0.2097, 0.1614 -0.9785 0.2026, 0.1584 -0.9782 0.2029, 0.1555 -0.9774 0.2037, 0.1531 -0.976 0.2051, 0.1512 -0.9743 0.2068, 0.15 -0.9723 0.2088, 0.1496 -0.9701 0.211, 0.1614 -0.9816 0.2067, 0.1584 -0.9813 0.2069, 0.1555 -0.9802 0.2075, 0.1531 -0.9786 0.2084, 0.1512 -0.9765 0.2096, 0.15 -0.974 0.2111, 0.1496 -0.9714 0.2126, 0.1614 -0.9836 0.2114, 0.1584 -0.9832 0.2115, 0.1555 -0.9821 0.2119, 0.1531 -0.9802 0.2123, 0.1512 -0.9779 0.213, 0.15 -0.9751 0.2137, 0.1496 -0.9722 0.2145, 0.1614 -0.9843 0.2165, 0.1584 -0.9838 0.2165, 0.1555 -0.9827 0.2165, 0.1531 -0.9808 0.2165, 0.1512 -0.9783 0.2165, 0.15 -0.9755 0.2165, 0.1496 -0.9724 0.2165, 0.1584 -0.9838 0.4724, 0.1555 -0.9827 0.4724, 0.1531 -0.9808 0.4724, 0.1512 -0.9783 0.4724, 0.15 -0.9755 0.4724, 0.1496 -0.9724 0.4724, 0.1584 -0.9812 0.4927, 0.1555 -0.98 0.4924, 0.1531 -0.9782 0.4919, 0.1512 -0.9759 0.4913, 0.15 -0.9731 0.4906, 0.1496 -0.9702 0.4898, 0.1584 -0.9734 0.5116, 0.1555 -0.9723 0.511, 0.1531 -0.9707 0.5101, 0.1512 -0.9686 0.5089, 0.15 -0.9661 0.5074, 0.1496 -0.9635 0.5059, 0.1584 -0.9609 0.5278, 0.1555 -0.9601 0.527, 0.1531 -0.9587 0.5257, 0.1512 -0.957 0.5239, 0.15 -0.955 0.5219, 0.1496 -0.9528 0.5198, 0.1584 -0.9447 0.5403, 0.1555 -0.9441 0.5393, 0.1531 -0.9432 0.5376, 0.1512 -0.9419 0.5355, 0.15 -0.9405 0.5331, 0.1496 -0.939 0.5304, 0.1584 -0.9258 0.5481, 0.1555 -0.9255 0.547, 0.1531 -0.925 0.5452, 0.1512 -0.9244 0.5428, 0.15 -0.9236 0.54, 0.1496 -0.9228 0.5371, 0.1584 -0.9055 0.5508, 0.1555 -0.9055 0.5496, 0.1531 -0.9055 0.5477, 0.1512 -0.9055 0.5453, 0.15 -0.9055 0.5424, 0.1496 -0.9055 0.5394, 0.1584 -0.748 0.5508, 0.1555 -0.748 0.5496, 0.1531 -0.748 0.5477, 0.1512 -0.748 0.5453, 0.15 -0.748 0.5424, 0.1496 -0.748 0.5394, -0.4882 -0.9055 0.2087, -0.4882 -0.9646 0.2087, -0.4886 -0.9646 0.2056, -0.4886 -0.9055 0.2056, -0.4898 -0.9646 0.2028, -0.4898 -0.9055 0.2028, -0.4917 -0.9646 0.2003, -0.4917 -0.9055 0.2003, -0.4941 -0.9646 0.1984, -0.4941 -0.9055 0.1984, -0.4969 -0.9646 0.1973, -0.4969 -0.9055 0.1973, -0.5 -0.9646 0.1969, -0.5 -0.9055 0.1969, -0.5 -0.9843 0.2165, -0.5 -0.9836 0.2114, -0.4969 -0.9838 0.2165, -0.4969 -0.9832 0.2115, -0.4941 -0.9827 0.2165, -0.4941 -0.9821 0.2119, -0.4917 -0.9808 0.2165, -0.4917 -0.9802 0.2123, -0.4898 -0.9783 0.2165, -0.4898 -0.9779 0.213, -0.4886 -0.9755 0.2165, -0.4886 -0.9751 0.2137, -0.4882 -0.9724 0.2165, -0.4882 -0.9722 0.2145, -0.5 -0.9816 0.2067, -0.4969 -0.9813 0.2069, -0.4941 -0.9802 0.2075, -0.4917 -0.9786 0.2084, -0.4898 -0.9765 0.2096, -0.4886 -0.974 0.2111, -0.4882 -0.9714 0.2126, -0.5 -0.9785 0.2026, -0.4969 -0.9782 0.2029, -0.4941 -0.9774 0.2037, -0.4917 -0.976 0.2051, -0.4898 -0.9743 0.2068, -0.4886 -0.9723 0.2088, -0.4882 -0.9701 0.211, -0.5 -0.9744 0.1995, -0.4969 -0.9742 0.1998, -0.4941 -0.9736 0.2009, -0.4917 -0.9727 0.2025, -0.4898 -0.9715 0.2046, -0.4886 -0.97 0.2071, -0.4882 -0.9685 0.2097, -0.5 -0.9697 0.1975, -0.4969 -0.9696 0.1979, -0.4941 -0.9693 0.1991, -0.4917 -0.9688 0.2009, -0.4898 -0.9681 0.2032, -0.4886 -0.9674 0.206, -0.4882 -0.9666 0.2089, -0.4969 -0.9838 0.4724, -0.4941 -0.9827 0.4724, -0.4917 -0.9808 0.4724, -0.4898 -0.9783 0.4724, -0.4886 -0.9755 0.4724, -0.4882 -0.9724 0.4724, -0.4969 -0.9055 0.5508, -0.4969 -0.9258 0.5481, -0.4941 -0.9055 0.5496, -0.4941 -0.9255 0.547, -0.4917 -0.9055 0.5477, -0.4917 -0.925 0.5452, -0.4898 -0.9055 0.5453, -0.4898 -0.9244 0.5428, -0.4886 -0.9055 0.5424, -0.4886 -0.9236 0.54, -0.4882 -0.9055 0.5394, -0.4882 -0.9228 0.5371, -0.4969 -0.9447 0.5403, -0.4941 -0.9441 0.5393, -0.4917 -0.9432 0.5376, -0.4898 -0.9419 0.5355, -0.4886 -0.9405 0.5331, -0.4882 -0.939 0.5304, -0.4969 -0.9609 0.5278, -0.4941 -0.9601 0.527, -0.4917 -0.9587 0.5257, -0.4898 -0.957 0.5239, -0.4886 -0.955 0.5219, -0.4882 -0.9528 0.5198, -0.4969 -0.9734 0.5116, -0.4941 -0.9723 0.511, -0.4917 -0.9707 0.5101, -0.4898 -0.9686 0.5089, -0.4886 -0.9661 0.5074, -0.4882 -0.9635 0.5059, -0.4969 -0.9812 0.4927, -0.4941 -0.98 0.4924, -0.4917 -0.9782 0.4919, -0.4898 -0.9759 0.4913, -0.4886 -0.9731 0.4906, -0.4882 -0.9702 0.4898, -0.4882 0.9646 0.2087, -0.4882 0.9055 0.2087, -0.4886 0.9055 0.2056, -0.4886 0.9646 0.2056, -0.4898 0.9055 0.2028, -0.4898 0.9646 0.2028, -0.4917 0.9055 0.2003, -0.4917 0.9646 0.2003, -0.4941 0.9055 0.1984, -0.4941 0.9646 0.1984, -0.4969 0.9055 0.1973, -0.4969 0.9646 0.1973, -0.5 0.9055 0.1969, -0.5 0.9646 0.1969, -0.5 0.9697 0.1975, -0.4969 0.9696 0.1979, -0.4941 0.9693 0.1991, -0.4917 0.9688 0.2009, -0.4898 0.9681 0.2032, -0.4886 0.9674 0.206, -0.4882 0.9666 0.2089, -0.5 0.9744 0.1995, -0.4969 0.9742 0.1998, -0.4941 0.9736 0.2009, -0.4917 0.9727 0.2025, -0.4898 0.9715 0.2046, -0.4886 0.97 0.2071, -0.4882 0.9685 0.2097, -0.5 0.9785 0.2026, -0.4969 0.9782 0.2029, -0.4941 0.9774 0.2037, -0.4917 0.976 0.2051, -0.4898 0.9743 0.2068, -0.4886 0.9723 0.2088, -0.4882 0.9701 0.211, -0.5 0.9816 0.2067, -0.4969 0.9813 0.2069, -0.4941 0.9802 0.2075, -0.4917 0.9786 0.2084, -0.4898 0.9765 0.2096, -0.4886 0.974 0.2111, -0.4882 0.9714 0.2126, -0.5 0.9836 0.2114, -0.4969 0.9832 0.2115, -0.4941 0.9821 0.2119, -0.4917 0.9802 0.2123, -0.4898 0.9779 0.213, -0.4886 0.9751 0.2137, -0.4882 0.9722 0.2145, -0.5 0.9843 0.2165, -0.4969 0.9838 0.2165, -0.4941 0.9827 0.2165, -0.4917 0.9808 0.2165, -0.4898 0.9783 0.2165, -0.4886 0.9755 0.2165, -0.4882 0.9724 0.2165, -0.4882 0.9724 0.4724, -0.4886 0.9755 0.4724, -0.4898 0.9783 0.4724, -0.4917 0.9808 0.4724, -0.4941 0.9827 0.4724, -0.4969 0.9838 0.4724, -0.4969 0.9812 0.4927, -0.4941 0.98 0.4924, -0.4917 0.9782 0.4919, -0.4898 0.9759 0.4913, -0.4886 0.9731 0.4906, -0.4882 0.9702 0.4898, -0.4969 0.9734 0.5116, -0.4941 0.9723 0.511, -0.4917 0.9707 0.5101, -0.4898 0.9686 0.5089, -0.4886 0.9661 0.5074, -0.4882 0.9635 0.5059, -0.4969 0.9609 0.5278, -0.4941 0.9601 0.527, -0.4917 0.9587 0.5257, -0.4898 0.957 0.5239, -0.4886 0.955 0.5219, -0.4882 0.9528 0.5198, -0.4969 0.9447 0.5403, -0.4941 0.9441 0.5393, -0.4917 0.9432 0.5376, -0.4898 0.9419 0.5355, -0.4886 0.9405 0.5331, -0.4882 0.939 0.5304, -0.4969 0.9258 0.5481, -0.4941 0.9255 0.547, -0.4917 0.925 0.5452, -0.4898 0.9244 0.5428, -0.4886 0.9236 0.54, -0.4882 0.9228 0.5371, -0.4969 0.9055 0.5508, -0.4941 0.9055 0.5496, -0.4917 0.9055 0.5477, -0.4898 0.9055 0.5453, -0.4886 0.9055 0.5424, -0.4882 0.9055 0.5394, 0.1614 0.9646 0.1969, 0.1614 0.9055 0.1969, 0.1584 0.9055 0.1973, 0.1584 0.9646 0.1973, 0.1555 0.9055 0.1984, 0.1555 0.9646 0.1984, 0.1531 0.9055 0.2003, 0.1531 0.9646 0.2003, 0.1512 0.9055 0.2028, 0.1512 0.9646 0.2028, 0.15 0.9055 0.2056, 0.15 0.9646 0.2056, 0.1496 0.9055 0.2087, 0.1496 0.9646 0.2087, 0.1614 0.9843 0.2165, 0.1614 0.9836 0.2114, 0.1584 0.9838 0.2165, 0.1584 0.9832 0.2115, 0.1555 0.9827 0.2165, 0.1555 0.9821 0.2119, 0.1531 0.9808 0.2165, 0.1531 0.9802 0.2123, 0.1512 0.9783 0.2165, 0.1512 0.9779 0.213, 0.15 0.9755 0.2165, 0.15 0.9751 0.2137, 0.1496 0.9724 0.2165, 0.1496 0.9722 0.2145, 0.1614 0.9816 0.2067, 0.1584 0.9813 0.2069, 0.1555 0.9802 0.2075, 0.1531 0.9786 0.2084, 0.1512 0.9765 0.2096, 0.15 0.974 0.2111, 0.1496 0.9714 0.2126, 0.1614 0.9785 0.2026, 0.1584 0.9782 0.2029, 0.1555 0.9774 0.2037, 0.1531 0.976 0.2051, 0.1512 0.9743 0.2068, 0.15 0.9723 0.2088, 0.1496 0.9701 0.211, 0.1614 0.9744 0.1995, 0.1584 0.9742 0.1998, 0.1555 0.9736 0.2009, 0.1531 0.9727 0.2025, 0.1512 0.9715 0.2046, 0.15 0.97 0.2071, 0.1496 0.9685 0.2097, 0.1614 0.9697 0.1975, 0.1584 0.9696 0.1979, 0.1555 0.9693 0.1991, 0.1531 0.9688 0.2009, 0.1512 0.9681 0.2032, 0.15 0.9674 0.206, 0.1496 0.9666 0.2089, 0.1496 0.9724 0.4724, 0.15 0.9755 0.4724, 0.1512 0.9783 0.4724, 0.1531 0.9808 0.4724, 0.1555 0.9827 0.4724, 0.1584 0.9838 0.4724, 0.1584 0.9055 0.5508, 0.1584 0.9258 0.5481, 0.1555 0.9055 0.5496, 0.1555 0.9255 0.547, 0.1531 0.9055 0.5477, 0.1531 0.925 0.5452, 0.1512 0.9055 0.5453, 0.1512 0.9244 0.5428, 0.15 0.9055 0.5424, 0.15 0.9236 0.54, 0.1496 0.9055 0.5394, 0.1496 0.9228 0.5371, 0.1584 0.9447 0.5403, 0.1555 0.9441 0.5393, 0.1531 0.9432 0.5376, 0.1512 0.9419 0.5355, 0.15 0.9405 0.5331, 0.1496 0.939 0.5304, 0.1584 0.9609 0.5278, 0.1555 0.9601 0.527, 0.1531 0.9587 0.5257, 0.1512 0.957 0.5239, 0.15 0.955 0.5219, 0.1496 0.9528 0.5198, 0.1584 0.9734 0.5116, 0.1555 0.9723 0.511, 0.1531 0.9707 0.5101, 0.1512 0.9686 0.5089, 0.15 0.9661 0.5074, 0.1496 0.9635 0.5059, 0.1584 0.9812 0.4927, 0.1555 0.98 0.4924, 0.1531 0.9782 0.4919, 0.1512 0.9759 0.4913, 0.15 0.9731 0.4906, 0.1496 0.9702 0.4898, 0.1584 0.748 0.5508, 0.1555 0.748 0.5496, 0.1531 0.748 0.5477, 0.1512 0.748 0.5453, 0.15 0.748 0.5424, 0.1496 0.748 0.5394
            ]
        }
        coordIndex [
            0,1,2,-1,2,1,3,-1,2,3,4,-1,4,3,5,-1,4,5,6,-1,6,5,7,-1,8,9,10,-1,10,9,11,-1,10,11,12,-1,12,11,13,-1,13,14,15,-1,15,16,13,-1,13,16,17,-1,13,17,12,-1,18,19,12,-1,12,19,10,-1,20,21,22,-1,22,21,23,-1,24,25,26,-1,26,25,27,-1,28,29,30,-1,30,29,31,-1,30,31,32,-1,32,31,33,-1,33,34,35,-1,35,36,33,-1,33,36,37,-1,33,37,32,-1,31,29,38,-1,38,29,39,-1,25,24,40,-1,25,40,41,-1,41,40,42,-1,41,42,43,-1,43,42,44,-1,43,44,45,-1,45,44,46,-1,45,46,47,-1,47,46,48,-1,47,48,49,-1,49,48,50,-1,49,50,51,-1,52,53,54,-1,52,54,55,-1,55,54,56,-1,55,56,57,-1,57,56,58,-1,57,58,59,-1,59,58,60,-1,59,60,61,-1,61,60,62,-1,61,62,63,-1,63,62,38,-1,63,38,39,-1,19,18,64,-1,19,64,65,-1,65,64,66,-1,65,66,67,-1,67,66,68,-1,67,68,69,-1,69,68,70,-1,69,70,71,-1,71,70,72,-1,71,72,73,-1,73,72,74,-1,73,74,75,-1,22,23,76,-1,22,76,77,-1,77,76,78,-1,77,78,79,-1,79,78,80,-1,79,80,81,-1,81,80,82,-1,81,82,83,-1,83,82,84,-1,83,84,85,-1,85,84,86,-1,85,86,87,-1,88,89,90,-1,88,90,91,-1,91,90,92,-1,91,92,93,-1,93,92,94,-1,93,94,95,-1,95,94,96,-1,95,96,97,-1,97,96,98,-1,97,98,99,-1,99,98,100,-1,99,100,101,-1,89,102,90,-1,90,102,103,-1,90,103,92,-1,92,103,104,-1,92,104,94,-1,94,104,105,-1,94,105,96,-1,96,105,106,-1,96,106,98,-1,98,106,107,-1,98,107,100,-1,100,107,108,-1,102,109,103,-1,103,109,110,-1,103,110,104,-1,104,110,111,-1,104,111,105,-1,105,111,112,-1,105,112,106,-1,106,112,113,-1,106,113,107,-1,107,113,114,-1,107,114,108,-1,108,114,115,-1,109,116,110,-1,110,116,117,-1,110,117,111,-1,111,117,118,-1,111,118,112,-1,112,118,119,-1,112,119,113,-1,113,119,120,-1,113,120,114,-1,114,120,121,-1,114,121,115,-1,115,121,122,-1,116,123,117,-1,117,123,124,-1,117,124,118,-1,118,124,125,-1,118,125,119,-1,119,125,126,-1,119,126,120,-1,120,126,127,-1,120,127,121,-1,121,127,128,-1,121,128,122,-1,122,128,129,-1,123,130,124,-1,124,130,131,-1,124,131,125,-1,125,131,132,-1,125,132,126,-1,126,132,133,-1,126,133,127,-1,127,133,134,-1,127,134,128,-1,128,134,135,-1,128,135,129,-1,129,135,136,-1,130,137,131,-1,131,137,138,-1,131,138,132,-1,132,138,139,-1,132,139,133,-1,133,139,140,-1,133,140,134,-1,134,140,141,-1,134,141,135,-1,135,141,142,-1,135,142,136,-1,136,142,143,-1,137,50,144,-1,137,144,138,-1,138,144,145,-1,138,145,139,-1,139,145,146,-1,139,146,140,-1,140,146,147,-1,140,147,141,-1,141,147,148,-1,141,148,142,-1,142,148,149,-1,142,149,143,-1,50,48,144,-1,144,48,150,-1,144,150,145,-1,145,150,151,-1,145,151,146,-1,146,151,152,-1,146,152,147,-1,147,152,153,-1,147,153,148,-1,148,153,154,-1,148,154,149,-1,149,154,155,-1,48,46,150,-1,150,46,156,-1,150,156,151,-1,151,156,157,-1,151,157,152,-1,152,157,158,-1,152,158,153,-1,153,158,159,-1,153,159,154,-1,154,159,160,-1,154,160,155,-1,155,160,161,-1,46,44,156,-1,156,44,162,-1,156,162,157,-1,157,162,163,-1,157,163,158,-1,158,163,164,-1,158,164,159,-1,159,164,165,-1,159,165,160,-1,160,165,166,-1,160,166,161,-1,161,166,167,-1,44,42,162,-1,162,42,168,-1,162,168,163,-1,163,168,169,-1,163,169,164,-1,164,169,170,-1,164,170,165,-1,165,170,171,-1,165,171,166,-1,166,171,172,-1,166,172,167,-1,167,172,173,-1,42,40,168,-1,168,40,174,-1,168,174,169,-1,169,174,175,-1,169,175,170,-1,170,175,176,-1,170,176,171,-1,171,176,177,-1,171,177,172,-1,172,177,178,-1,172,178,173,-1,173,178,179,-1,40,24,174,-1,174,24,180,-1,174,180,175,-1,175,180,181,-1,175,181,176,-1,176,181,182,-1,176,182,177,-1,177,182,183,-1,177,183,178,-1,178,183,184,-1,178,184,179,-1,179,184,185,-1,24,26,186,-1,24,186,180,-1,180,186,187,-1,180,187,181,-1,181,187,188,-1,181,188,182,-1,182,188,189,-1,182,189,183,-1,183,189,190,-1,183,190,184,-1,184,190,191,-1,184,191,185,-1,192,193,194,-1,192,194,195,-1,195,194,196,-1,195,196,197,-1,197,196,198,-1,197,198,199,-1,199,198,200,-1,199,200,201,-1,201,200,202,-1,201,202,203,-1,203,202,204,-1,203,204,205,-1,206,207,208,-1,208,207,209,-1,208,209,210,-1,210,209,211,-1,210,211,212,-1,212,211,213,-1,212,213,214,-1,214,213,215,-1,214,215,216,-1,216,215,217,-1,216,217,218,-1,218,217,219,-1,207,220,209,-1,209,220,221,-1,209,221,211,-1,211,221,222,-1,211,222,213,-1,213,222,223,-1,213,223,215,-1,215,223,224,-1,215,224,217,-1,217,224,225,-1,217,225,219,-1,219,225,226,-1,220,227,221,-1,221,227,228,-1,221,228,222,-1,222,228,229,-1,222,229,223,-1,223,229,230,-1,223,230,224,-1,224,230,231,-1,224,231,225,-1,225,231,232,-1,225,232,226,-1,226,232,233,-1,227,234,228,-1,228,234,235,-1,228,235,229,-1,229,235,236,-1,229,236,230,-1,230,236,237,-1,230,237,231,-1,231,237,238,-1,231,238,232,-1,232,238,239,-1,232,239,233,-1,233,239,240,-1,234,241,235,-1,235,241,242,-1,235,242,236,-1,236,242,243,-1,236,243,237,-1,237,243,244,-1,237,244,238,-1,238,244,245,-1,238,245,239,-1,239,245,246,-1,239,246,240,-1,240,246,247,-1,241,204,242,-1,242,204,202,-1,242,202,243,-1,243,202,200,-1,243,200,244,-1,244,200,198,-1,244,198,245,-1,245,198,196,-1,245,196,246,-1,246,196,194,-1,246,194,247,-1,247,194,193,-1,53,206,208,-1,53,208,248,-1,248,208,210,-1,248,210,249,-1,249,210,212,-1,249,212,250,-1,250,212,214,-1,250,214,251,-1,251,214,216,-1,251,216,252,-1,252,216,218,-1,252,218,253,-1,38,62,254,-1,254,62,255,-1,254,255,256,-1,256,255,257,-1,256,257,258,-1,258,257,259,-1,258,259,260,-1,260,259,261,-1,260,261,262,-1,262,261,263,-1,262,263,264,-1,264,263,265,-1,62,60,255,-1,255,60,266,-1,255,266,257,-1,257,266,267,-1,257,267,259,-1,259,267,268,-1,259,268,261,-1,261,268,269,-1,261,269,263,-1,263,269,270,-1,263,270,265,-1,265,270,271,-1,60,58,266,-1,266,58,272,-1,266,272,267,-1,267,272,273,-1,267,273,268,-1,268,273,274,-1,268,274,269,-1,269,274,275,-1,269,275,270,-1,270,275,276,-1,270,276,271,-1,271,276,277,-1,58,56,272,-1,272,56,278,-1,272,278,273,-1,273,278,279,-1,273,279,274,-1,274,279,280,-1,274,280,275,-1,275,280,281,-1,275,281,276,-1,276,281,282,-1,276,282,277,-1,277,282,283,-1,56,54,278,-1,278,54,284,-1,278,284,279,-1,279,284,285,-1,279,285,280,-1,280,285,286,-1,280,286,281,-1,281,286,287,-1,281,287,282,-1,282,287,288,-1,282,288,283,-1,283,288,289,-1,54,53,284,-1,284,53,248,-1,284,248,285,-1,285,248,249,-1,285,249,286,-1,286,249,250,-1,286,250,287,-1,287,250,251,-1,287,251,288,-1,288,251,252,-1,288,252,289,-1,289,252,253,-1,264,32,37,-1,264,37,262,-1,262,37,36,-1,262,36,260,-1,260,36,35,-1,260,35,258,-1,258,35,34,-1,258,34,256,-1,256,34,33,-1,256,33,254,-1,254,33,31,-1,254,31,38,-1,290,291,292,-1,290,292,293,-1,293,292,294,-1,293,294,295,-1,295,294,296,-1,295,296,297,-1,297,296,298,-1,297,298,299,-1,299,298,300,-1,299,300,301,-1,301,300,302,-1,301,302,303,-1,303,304,301,-1,301,304,305,-1,301,305,299,-1,299,305,306,-1,299,306,297,-1,297,306,307,-1,297,307,295,-1,295,307,308,-1,295,308,293,-1,293,308,309,-1,293,309,290,-1,290,309,310,-1,304,311,305,-1,305,311,312,-1,305,312,306,-1,306,312,313,-1,306,313,307,-1,307,313,314,-1,307,314,308,-1,308,314,315,-1,308,315,309,-1,309,315,316,-1,309,316,310,-1,310,316,317,-1,311,318,312,-1,312,318,319,-1,312,319,313,-1,313,319,320,-1,313,320,314,-1,314,320,321,-1,314,321,315,-1,315,321,322,-1,315,322,316,-1,316,322,323,-1,316,323,317,-1,317,323,324,-1,318,325,319,-1,319,325,326,-1,319,326,320,-1,320,326,327,-1,320,327,321,-1,321,327,328,-1,321,328,322,-1,322,328,329,-1,322,329,323,-1,323,329,330,-1,323,330,324,-1,324,330,331,-1,325,332,326,-1,326,332,333,-1,326,333,327,-1,327,333,334,-1,327,334,328,-1,328,334,335,-1,328,335,329,-1,329,335,336,-1,329,336,330,-1,330,336,337,-1,330,337,331,-1,331,337,338,-1,332,339,333,-1,333,339,340,-1,333,340,334,-1,334,340,341,-1,334,341,335,-1,335,341,342,-1,335,342,336,-1,336,342,343,-1,336,343,337,-1,337,343,344,-1,337,344,338,-1,338,344,345,-1,346,345,344,-1,346,344,347,-1,347,344,343,-1,347,343,348,-1,348,343,342,-1,348,342,349,-1,349,342,341,-1,349,341,350,-1,350,341,340,-1,350,340,351,-1,351,340,339,-1,351,339,74,-1,74,72,351,-1,351,72,352,-1,351,352,350,-1,350,352,353,-1,350,353,349,-1,349,353,354,-1,349,354,348,-1,348,354,355,-1,348,355,347,-1,347,355,356,-1,347,356,346,-1,346,356,357,-1,72,70,352,-1,352,70,358,-1,352,358,353,-1,353,358,359,-1,353,359,354,-1,354,359,360,-1,354,360,355,-1,355,360,361,-1,355,361,356,-1,356,361,362,-1,356,362,357,-1,357,362,363,-1,70,68,358,-1,358,68,364,-1,358,364,359,-1,359,364,365,-1,359,365,360,-1,360,365,366,-1,360,366,361,-1,361,366,367,-1,361,367,362,-1,362,367,368,-1,362,368,363,-1,363,368,369,-1,68,66,364,-1,364,66,370,-1,364,370,365,-1,365,370,371,-1,365,371,366,-1,366,371,372,-1,366,372,367,-1,367,372,373,-1,367,373,368,-1,368,373,374,-1,368,374,369,-1,369,374,375,-1,66,64,370,-1,370,64,376,-1,370,376,371,-1,371,376,377,-1,371,377,372,-1,372,377,378,-1,372,378,373,-1,373,378,379,-1,373,379,374,-1,374,379,380,-1,374,380,375,-1,375,380,381,-1,64,18,376,-1,376,18,382,-1,376,382,377,-1,377,382,383,-1,377,383,378,-1,378,383,384,-1,378,384,379,-1,379,384,385,-1,379,385,380,-1,380,385,386,-1,380,386,381,-1,381,386,387,-1,18,12,17,-1,18,17,382,-1,382,17,16,-1,382,16,383,-1,383,16,15,-1,383,15,384,-1,384,15,14,-1,384,14,385,-1,385,14,13,-1,385,13,386,-1,386,13,11,-1,386,11,387,-1,388,389,390,-1,388,390,391,-1,391,390,392,-1,391,392,393,-1,393,392,394,-1,393,394,395,-1,395,394,396,-1,395,396,397,-1,397,396,398,-1,397,398,399,-1,399,398,400,-1,399,400,401,-1,402,403,404,-1,404,403,405,-1,404,405,406,-1,406,405,407,-1,406,407,408,-1,408,407,409,-1,408,409,410,-1,410,409,411,-1,410,411,412,-1,412,411,413,-1,412,413,414,-1,414,413,415,-1,403,416,405,-1,405,416,417,-1,405,417,407,-1,407,417,418,-1,407,418,409,-1,409,418,419,-1,409,419,411,-1,411,419,420,-1,411,420,413,-1,413,420,421,-1,413,421,415,-1,415,421,422,-1,416,423,417,-1,417,423,424,-1,417,424,418,-1,418,424,425,-1,418,425,419,-1,419,425,426,-1,419,426,420,-1,420,426,427,-1,420,427,421,-1,421,427,428,-1,421,428,422,-1,422,428,429,-1,423,430,424,-1,424,430,431,-1,424,431,425,-1,425,431,432,-1,425,432,426,-1,426,432,433,-1,426,433,427,-1,427,433,434,-1,427,434,428,-1,428,434,435,-1,428,435,429,-1,429,435,436,-1,430,437,431,-1,431,437,438,-1,431,438,432,-1,432,438,439,-1,432,439,433,-1,433,439,440,-1,433,440,434,-1,434,440,441,-1,434,441,435,-1,435,441,442,-1,435,442,436,-1,436,442,443,-1,437,388,438,-1,438,388,391,-1,438,391,439,-1,439,391,393,-1,439,393,440,-1,440,393,395,-1,440,395,441,-1,441,395,397,-1,441,397,442,-1,442,397,399,-1,442,399,443,-1,443,399,401,-1,414,444,445,-1,414,445,412,-1,412,445,446,-1,412,446,410,-1,410,446,447,-1,410,447,408,-1,408,447,448,-1,408,448,406,-1,406,448,449,-1,406,449,404,-1,404,449,87,-1,404,87,402,-1,22,77,450,-1,450,77,451,-1,450,451,452,-1,452,451,453,-1,452,453,454,-1,454,453,455,-1,454,455,456,-1,456,455,457,-1,456,457,458,-1,458,457,459,-1,458,459,460,-1,460,459,461,-1,77,79,451,-1,451,79,462,-1,451,462,453,-1,453,462,463,-1,453,463,455,-1,455,463,464,-1,455,464,457,-1,457,464,465,-1,457,465,459,-1,459,465,466,-1,459,466,461,-1,461,466,467,-1,79,81,462,-1,462,81,468,-1,462,468,463,-1,463,468,469,-1,463,469,464,-1,464,469,470,-1,464,470,465,-1,465,470,471,-1,465,471,466,-1,466,471,472,-1,466,472,467,-1,467,472,473,-1,81,83,468,-1,468,83,474,-1,468,474,469,-1,469,474,475,-1,469,475,470,-1,470,475,476,-1,470,476,471,-1,471,476,477,-1,471,477,472,-1,472,477,478,-1,472,478,473,-1,473,478,479,-1,83,85,474,-1,474,85,480,-1,474,480,475,-1,475,480,481,-1,475,481,476,-1,476,481,482,-1,476,482,477,-1,477,482,483,-1,477,483,478,-1,478,483,484,-1,478,484,479,-1,479,484,485,-1,85,87,480,-1,480,87,449,-1,480,449,481,-1,481,449,448,-1,481,448,482,-1,482,448,447,-1,482,447,483,-1,483,447,446,-1,483,446,484,-1,484,446,445,-1,484,445,485,-1,485,445,444,-1,20,22,450,-1,20,450,486,-1,486,450,452,-1,486,452,487,-1,487,452,454,-1,487,454,488,-1,488,454,456,-1,488,456,489,-1,489,456,458,-1,489,458,490,-1,490,458,460,-1,490,460,491,-1,
        ]
    }
}
Shape{
    appearance Appearance {
        material  Material 	{
            diffuseColor 1.0 1.0 1.0
            specularColor 0.5019607843137255 0.5019607843137255 0.5019607843137255
            ambientIntensity 1.0
            transparency 0.0
            shininess 0.5
        }
    }
    geometry IndexedFaceSet {
        ccw TRUE
        solid FALSE
        coord DEF co Coordinate {
            point [
                -0.6811 -0.9055 0.0394, 0.1463 -0.9055 0.2114, 0.1483 -0.9055 0.2067, 0.1514 -0.9055 0.2026, 0.1555 -0.9055 0.1995, 0.3425 -0.9055 0.0394, 0.1603 -0.9055 0.1975, 0.1654 -0.9055 0.1969, -0.49 -0.9055 0.2026, -0.4869 -0.9055 0.2067, -0.4843 -0.9055 0.2165, -0.4843 -0.9055 0.4724, 0.1457 -0.9055 0.4724, 0.3228 -0.9055 0.1969, 0.333 -0.9055 0.1955, 0.3425 -0.9055 0.1916, -0.6614 -0.9055 0.1969, -0.5039 -0.9055 0.1969, -0.4988 -0.9055 0.1975, -0.4941 -0.9055 0.1995, -0.4849 -0.9055 0.2114, 0.1457 -0.9055 0.2165, -0.6811 -0.9055 0.1916, -0.6749 -0.9055 0.1945, -0.6683 -0.9055 0.1963, -0.6811 -1.0236 0.0787, -0.6811 -1.2205 0.0787, -0.5236 -1.0236 0.0787, -0.5236 -1.2205 0.0787, 0.185 -1.0236 0.0787, 0.185 -1.2205 0.0787, 0.3425 -1.0236 0.0787, 0.3425 -1.2205 0.0787, 0.1837 -1.0134 0.0, 0.1798 -1.0039 0.0, 0.3425 -0.9449 0.0, 0.1735 -0.9958 0.0, 0.1654 -0.9895 0.0, 0.3425 -1.2205 0.0, 0.185 -1.2205 0.0, 0.185 -1.0236 0.0, 0.1559 -0.9856 0.0, 0.1457 -0.9843 0.0, -0.6811 -0.9449 0.0, -0.4843 -0.9843 0.0, -0.4944 -0.9856 0.0, -0.5039 -0.9895 0.0, -0.5121 -0.9958 0.0, -0.5184 -1.0039 0.0, -0.5236 -1.2205 0.0, -0.6811 -1.2205 0.0, -0.5236 -1.0236 0.0, -0.5223 -1.0134 0.0, -0.6749 -0.9843 0.1945, -0.6811 -0.9843 0.1916, -0.6811 -0.9843 0.1181, -0.4869 -0.9843 0.2067, -0.49 -0.9843 0.2026, -0.4843 -0.9843 0.1181, -0.4941 -0.9843 0.1995, 0.1457 -0.9843 0.1181, -0.4849 -0.9843 0.2114, 0.1457 -0.9843 0.4724, -0.4843 -0.9843 0.2165, -0.4843 -0.9843 0.4724, 0.1463 -0.9843 0.2114, 0.1483 -0.9843 0.2067, 0.1514 -0.9843 0.2026, 0.1457 -0.9843 0.2165, 0.1555 -0.9843 0.1995, 0.1603 -0.9843 0.1975, -0.6683 -0.9843 0.1963, 0.3425 -0.9843 0.1916, 0.333 -0.9843 0.1955, 0.3425 -0.9843 0.1181, 0.3228 -0.9843 0.1969, 0.1654 -0.9843 0.1969, -0.4988 -0.9843 0.1975, -0.5039 -0.9843 0.1969, -0.6614 -0.9843 0.1969, -0.5236 1.0236 0.0787, -0.5236 1.2205 0.0787, -0.6811 1.0236 0.0787, -0.6811 1.2205 0.0787, -0.6811 1.2205 0.0, -0.5236 1.2205 0.0, 0.1603 -0.7487 0.4724, -0.49 0.7538 0.4724, 0.1654 -0.748 0.4724, 0.2835 -0.748 0.4724, -0.4869 0.7579 0.4724, 0.1514 0.7538 0.4724, -0.4849 0.7626 0.4724, 0.1483 0.7579 0.4724, 0.2835 0.748 0.4724, 0.1654 0.748 0.4724, 0.1603 0.7487 0.4724, 0.1555 0.7507 0.4724, 0.1555 -0.7507 0.4724, 0.1514 -0.7538 0.4724, -0.4988 0.7487 0.4724, 0.1483 -0.7579 0.4724, -0.5039 0.748 0.4724, -0.4849 -0.7626 0.4724, -0.4869 -0.7579 0.4724, -0.49 -0.7538 0.4724, -0.4941 -0.7507 0.4724, -0.7008 -0.7087 0.4724, -0.7008 0.7087 0.4724, -0.6614 0.748 0.4724, -0.6716 0.7467 0.4724, -0.4941 0.7507 0.4724, 0.1457 -0.7677 0.4724, -0.6716 -0.7467 0.4724, -0.6811 -0.7428 0.4724, -0.4843 0.9055 0.4724, 0.1457 0.9055 0.4724, -0.4843 0.7677 0.4724, 0.1457 0.7677 0.4724, 0.1463 0.7626 0.4724, 0.1463 -0.7626 0.4724, -0.4843 -0.7677 0.4724, -0.4988 -0.7487 0.4724, -0.5039 -0.748 0.4724, -0.6614 -0.748 0.4724, -0.6994 0.7189 0.4724, -0.6955 0.7283 0.4724, -0.6893 0.7365 0.4724, -0.6893 -0.7365 0.4724, -0.6955 -0.7283 0.4724, -0.6994 -0.7189 0.4724, -0.6811 0.7428 0.4724, -0.7008 -0.7087 0.5512, -0.7008 0.7087 0.5512, 0.3622 -0.748 0.4724, 0.3622 -0.748 0.3937, 0.3622 0.748 0.4724, 0.3622 0.748 0.3937, 0.1654 0.748 0.5512, 0.1603 0.7487 0.5512, 0.1603 -0.7487 0.5512, -0.4843 0.9055 0.5512, -0.4843 0.7677 0.5512, -0.4849 0.7626 0.5512, -0.4869 0.7579 0.5512, 0.1457 0.9055 0.5512, 0.1457 0.7677 0.5512, 0.1463 0.7626 0.5512, 0.1555 0.7507 0.5512, 0.1514 0.7538 0.5512, 0.1483 0.7579 0.5512, -0.49 0.7538 0.5512, -0.4988 -0.7487 0.5512, -0.4941 -0.7507 0.5512, -0.49 -0.7538 0.5512, -0.4869 -0.7579 0.5512, 0.1555 -0.7507 0.5512, 0.2835 0.748 0.5512, 0.1654 -0.748 0.5512, 0.2835 -0.748 0.5512, -0.4843 -0.7677 0.5512, -0.4843 -0.9055 0.5512, 0.1457 -0.9055 0.5512, -0.6614 0.748 0.5512, -0.6716 0.7467 0.5512, -0.5039 0.748 0.5512, -0.6811 0.7428 0.5512, -0.6893 0.7365 0.5512, 0.1457 -0.7677 0.5512, 0.1463 -0.7626 0.5512, -0.4849 -0.7626 0.5512, 0.1483 -0.7579 0.5512, 0.1514 -0.7538 0.5512, -0.6716 -0.7467 0.5512, -0.6614 -0.748 0.5512, -0.6955 0.7283 0.5512, -0.6994 0.7189 0.5512, -0.4941 0.7507 0.5512, -0.4988 0.7487 0.5512, -0.5039 -0.748 0.5512, -0.6955 -0.7283 0.5512, -0.6893 -0.7365 0.5512, -0.6811 -0.7428 0.5512, -0.6994 -0.7189 0.5512, 0.333 0.9843 0.1955, 0.3425 0.9843 0.1916, 0.3425 0.9843 0.1181, 0.1463 0.9843 0.2114, -0.4843 0.9843 0.4724, 0.1457 0.9843 0.2165, 0.1457 0.9843 0.4724, -0.4843 0.9843 0.0, -0.4843 0.9843 0.1181, 0.1457 0.9843 0.0, 0.1457 0.9843 0.1181, 0.1483 0.9843 0.2067, 0.1514 0.9843 0.2026, 0.1555 0.9843 0.1995, -0.4988 0.9843 0.1975, -0.4941 0.9843 0.1995, -0.49 0.9843 0.2026, -0.4869 0.9843 0.2067, -0.4843 0.9843 0.2165, -0.4849 0.9843 0.2114, 0.1603 0.9843 0.1975, 0.1654 0.9843 0.1969, 0.3228 0.9843 0.1969, -0.6811 0.9843 0.1181, -0.6811 0.9843 0.1916, -0.6749 0.9843 0.1945, -0.6683 0.9843 0.1963, -0.6614 0.9843 0.1969, -0.5039 0.9843 0.1969, 0.1514 0.9055 0.2026, 0.1483 0.9055 0.2067, -0.4869 0.9055 0.2067, 0.1463 0.9055 0.2114, -0.6811 0.9055 0.0394, -0.5039 0.9055 0.1969, -0.6614 0.9055 0.1969, -0.49 0.9055 0.2026, 0.3425 0.9055 0.0394, -0.4941 0.9055 0.1995, -0.4988 0.9055 0.1975, 0.3228 0.9055 0.1969, 0.333 0.9055 0.1955, 0.3425 0.9055 0.1916, 0.1654 0.9055 0.1969, 0.1603 0.9055 0.1975, 0.1555 0.9055 0.1995, -0.6683 0.9055 0.1963, -0.6749 0.9055 0.1945, -0.6811 0.9055 0.1916, 0.1457 0.9055 0.2165, -0.4843 0.9055 0.2165, -0.4849 0.9055 0.2114, -0.4843 0.9612 0.5281, -0.4843 0.9737 0.5118, -0.4843 0.9816 0.4928, -0.4843 0.9259 0.5485, -0.4843 0.9449 0.5406, 0.2835 0.748 0.3937, 0.3595 0.748 0.4928, 0.3517 0.748 0.5118, 0.3038 0.748 0.5485, 0.3228 0.748 0.5406, 0.3391 0.748 0.5281, 0.1457 0.9612 0.5281, 0.1457 0.9449 0.5406, 0.1457 0.9259 0.5485, 0.1457 0.9816 0.4928, 0.1457 0.9737 0.5118, -0.4843 -0.9612 0.5281, -0.4843 -0.9449 0.5406, -0.4843 -0.9259 0.5485, -0.4843 -0.9816 0.4928, -0.4843 -0.9737 0.5118, 0.2835 -0.748 0.3937, 0.3391 -0.748 0.5281, 0.3228 -0.748 0.5406, 0.3038 -0.748 0.5485, 0.3595 -0.748 0.4928, 0.3517 -0.748 0.5118, 0.1457 -0.9259 0.5485, 0.1457 -0.9816 0.4928, 0.1457 -0.9737 0.5118, 0.1457 -0.9449 0.5406, 0.1457 -0.9612 0.5281, 0.3425 1.0236 0.0787, 0.3425 1.2205 0.0787, 0.185 1.0236 0.0787, 0.185 1.2205 0.0787, -0.5223 1.0134 0.0, -0.5184 1.0039 0.0, -0.6811 0.9449 0.0, -0.5121 0.9958 0.0, -0.5039 0.9895 0.0, -0.4944 0.9856 0.0, -0.5236 1.0236 0.0, 0.1798 1.0039 0.0, 0.3425 0.9449 0.0, 0.1735 0.9958 0.0, 0.1654 0.9895 0.0, 0.185 1.2205 0.0, 0.3425 1.2205 0.0, 0.185 1.0236 0.0, 0.1837 1.0134 0.0, 0.1559 0.9856 0.0, 0.3425 0.9852 0.1093, 0.3425 0.9882 0.101, 0.3425 0.9928 0.0936, 0.3425 0.9069 0.0292, 0.3425 0.9108 0.0197, 0.3425 1.0149 0.0797, 0.3425 1.0065 0.0826, 0.3425 0.9347 0.0013, 0.3425 0.9991 0.0873, 0.3425 0.9252 0.0053, 0.3425 0.917 0.0115, -0.6811 1.0065 0.0826, -0.6811 0.9991 0.0873, -0.6811 0.9347 0.0013, -0.6811 0.9252 0.0053, -0.6811 0.9852 0.1093, -0.6811 0.9882 0.101, -0.6811 0.9069 0.0292, -0.6811 0.9928 0.0936, -0.6811 0.9108 0.0197, -0.6811 0.917 0.0115, -0.6811 1.0149 0.0797, 0.3425 -0.9252 0.0053, 0.3425 -0.917 0.0115, 0.3425 -0.9958 0.0903, 0.3425 -0.9347 0.0013, 0.3425 -1.0039 0.084, 0.3425 -0.9856 0.1079, 0.3425 -0.9895 0.0984, 0.3425 -0.9069 0.0292, 0.3425 -0.9108 0.0197, 0.3425 -1.0134 0.0801, -0.6811 -0.9852 0.1093, -0.6811 -0.9882 0.101, -0.6811 -0.917 0.0115, -0.6811 -0.9252 0.0053, -0.6811 -0.9991 0.0873, -0.6811 -0.9347 0.0013, -0.6811 -1.0065 0.0826, -0.6811 -1.0149 0.0797, -0.6811 -0.9928 0.0936, -0.6811 -0.9069 0.0292, -0.6811 -0.9108 0.0197, -0.5119 -0.996 0.0904, -0.5088 -0.9928 0.0936, -0.493 -0.9852 0.1093, -0.5038 -0.9897 0.0985, -0.5013 -0.9882 0.101, -0.4944 -0.9857 0.108, -0.515 -0.9991 0.0873, -0.5182 -1.0041 0.0842, -0.5197 -1.0065 0.0826, -0.5234 -1.0192 0.079, -0.5226 -1.0149 0.0798, -0.5223 -1.0134 0.0801, 0.1847 -1.0185 0.0791, 0.1837 -1.0134 0.0801, 0.182 -1.0086 0.0817, 0.1798 -1.0039 0.084, 0.1769 -0.9997 0.0869, 0.1735 -0.9958 0.0903, 0.1654 -0.9895 0.0984, 0.1559 -0.9856 0.1079, -0.5234 1.0192 0.079, -0.5226 1.0149 0.0797, -0.5223 1.0134 0.0801, -0.5197 1.0065 0.0826, -0.5182 1.0041 0.0842, -0.515 0.9991 0.0873, -0.5121 0.9958 0.0903, -0.5086 0.9931 0.0938, -0.5039 0.9895 0.0984, -0.5012 0.9884 0.1011, -0.4944 0.9856 0.1079, -0.493 0.9854 0.1094, 0.1733 0.996 0.0904, 0.1702 0.9928 0.0936, 0.1544 0.9852 0.1093, 0.1652 0.9897 0.0985, 0.1627 0.9882 0.101, 0.1558 0.9857 0.108, 0.1764 0.9991 0.0873, 0.1796 1.0041 0.0842, 0.1811 1.0065 0.0826, 0.1848 1.0192 0.079, 0.184 1.0149 0.0798, 0.1837 1.0134 0.0801
            ]
        }
        coordIndex [
            0,1,2,-1,2,3,0,-1,0,3,4,-1,0,4,5,-1,5,4,6,-1,5,6,7,-1,8,9,1,-1,10,11,12,-1,7,13,5,-1,5,13,14,-1,5,14,15,-1,16,17,0,-1,0,17,18,-1,0,18,1,-1,1,18,19,-1,1,19,8,-1,9,20,1,-1,1,20,10,-1,1,10,21,-1,21,10,12,-1,22,23,0,-1,0,23,24,-1,0,24,16,-1,25,26,27,-1,27,26,28,-1,29,30,31,-1,31,30,32,-1,33,34,35,-1,35,34,36,-1,35,36,37,-1,38,39,35,-1,35,39,40,-1,35,40,33,-1,37,41,35,-1,35,41,42,-1,35,42,43,-1,43,42,44,-1,43,44,45,-1,45,46,43,-1,43,46,47,-1,43,47,48,-1,49,50,51,-1,51,50,43,-1,51,43,52,-1,52,43,48,-1,49,28,50,-1,50,28,26,-1,30,39,32,-1,32,39,38,-1,53,54,55,-1,56,57,58,-1,58,57,59,-1,44,42,58,-1,58,42,60,-1,61,62,63,-1,63,62,64,-1,65,58,66,-1,66,58,67,-1,61,56,62,-1,62,56,58,-1,62,58,68,-1,68,58,65,-1,67,58,69,-1,69,58,60,-1,69,60,70,-1,53,55,71,-1,72,73,74,-1,74,73,75,-1,74,75,60,-1,60,75,76,-1,60,76,70,-1,59,77,58,-1,58,77,78,-1,58,78,55,-1,55,78,79,-1,55,79,71,-1,80,81,82,-1,82,81,83,-1,83,81,84,-1,84,81,85,-1,86,87,88,-1,88,87,89,-1,87,90,91,-1,91,90,92,-1,91,92,93,-1,94,89,95,-1,95,89,96,-1,87,91,89,-1,89,91,97,-1,89,97,96,-1,98,99,100,-1,100,99,101,-1,100,101,102,-1,103,104,101,-1,101,104,105,-1,101,105,106,-1,101,107,102,-1,102,107,108,-1,102,108,109,-1,109,108,110,-1,98,100,86,-1,86,100,111,-1,86,111,87,-1,112,12,11,-1,113,114,107,-1,115,116,117,-1,117,116,118,-1,117,118,92,-1,92,118,119,-1,92,119,93,-1,101,120,103,-1,103,120,112,-1,103,112,121,-1,121,112,11,-1,106,122,101,-1,101,122,123,-1,101,123,107,-1,107,123,124,-1,107,124,113,-1,125,126,127,-1,128,129,114,-1,114,129,130,-1,114,130,107,-1,125,127,108,-1,108,127,131,-1,108,131,110,-1,132,133,107,-1,107,133,108,-1,134,135,136,-1,136,135,137,-1,138,139,140,-1,141,142,140,-1,140,142,143,-1,140,143,144,-1,145,141,146,-1,146,141,147,-1,139,148,140,-1,140,148,149,-1,140,149,141,-1,141,149,150,-1,141,150,147,-1,144,151,140,-1,140,151,152,-1,140,152,153,-1,153,154,140,-1,140,154,155,-1,140,155,156,-1,138,140,157,-1,157,140,158,-1,157,158,159,-1,160,161,162,-1,163,164,165,-1,165,164,166,-1,165,166,167,-1,162,168,160,-1,160,168,169,-1,160,169,170,-1,170,169,171,-1,170,171,155,-1,155,171,172,-1,155,172,156,-1,173,174,132,-1,167,175,165,-1,165,175,176,-1,165,176,133,-1,151,177,152,-1,152,177,178,-1,152,178,179,-1,179,178,165,-1,179,165,174,-1,174,165,133,-1,174,133,132,-1,180,181,182,-1,173,132,182,-1,182,132,183,-1,182,183,180,-1,184,185,186,-1,187,188,189,-1,189,188,190,-1,191,192,193,-1,193,192,194,-1,195,196,194,-1,194,196,197,-1,198,199,192,-1,192,199,200,-1,192,200,201,-1,187,195,188,-1,188,195,194,-1,188,194,202,-1,202,194,192,-1,202,192,203,-1,203,192,201,-1,197,204,194,-1,194,204,205,-1,194,205,186,-1,186,205,206,-1,186,206,184,-1,207,208,209,-1,209,210,207,-1,207,210,211,-1,207,211,192,-1,192,211,212,-1,192,212,198,-1,213,214,215,-1,215,214,216,-1,217,218,219,-1,215,220,221,-1,221,220,222,-1,221,222,217,-1,217,222,223,-1,217,223,218,-1,224,221,225,-1,225,221,226,-1,224,227,221,-1,221,227,228,-1,221,228,215,-1,215,228,229,-1,215,229,213,-1,219,230,217,-1,217,230,231,-1,217,231,232,-1,116,115,233,-1,233,115,234,-1,233,234,216,-1,216,234,235,-1,216,235,215,-1,163,165,109,-1,109,165,102,-1,219,218,211,-1,211,218,212,-1,115,236,237,-1,117,142,115,-1,115,142,141,-1,202,234,188,-1,188,234,115,-1,188,115,238,-1,238,115,237,-1,141,239,115,-1,115,239,240,-1,115,240,236,-1,137,241,136,-1,136,241,94,-1,136,94,242,-1,242,94,243,-1,95,138,94,-1,94,138,157,-1,94,157,244,-1,244,245,94,-1,94,245,246,-1,94,246,243,-1,116,247,248,-1,233,189,116,-1,116,189,190,-1,146,118,145,-1,145,118,116,-1,145,116,249,-1,249,116,248,-1,190,250,116,-1,116,250,251,-1,116,251,247,-1,206,205,224,-1,224,205,227,-1,124,123,174,-1,174,123,179,-1,160,121,161,-1,161,121,11,-1,10,63,11,-1,11,63,64,-1,252,253,11,-1,11,253,254,-1,11,254,161,-1,64,255,11,-1,11,255,256,-1,11,256,252,-1,79,78,16,-1,16,78,17,-1,158,88,159,-1,159,88,89,-1,257,135,89,-1,89,135,134,-1,258,259,89,-1,89,259,260,-1,89,260,159,-1,134,261,89,-1,89,261,262,-1,89,262,258,-1,112,168,12,-1,12,168,162,-1,12,162,263,-1,68,21,62,-1,62,21,12,-1,62,12,264,-1,264,12,265,-1,263,266,12,-1,12,266,267,-1,12,267,265,-1,13,7,75,-1,75,7,76,-1,241,257,94,-1,94,257,89,-1,257,241,135,-1,135,241,137,-1,157,159,260,-1,157,260,244,-1,244,260,259,-1,244,259,245,-1,245,259,258,-1,245,258,246,-1,246,258,262,-1,246,262,243,-1,243,262,261,-1,243,261,242,-1,242,261,134,-1,242,134,136,-1,141,145,249,-1,141,249,239,-1,239,249,248,-1,239,248,240,-1,240,248,247,-1,240,247,236,-1,236,247,251,-1,236,251,237,-1,237,251,250,-1,237,250,238,-1,238,250,190,-1,238,190,188,-1,162,161,254,-1,162,254,263,-1,263,254,253,-1,263,253,266,-1,266,253,252,-1,266,252,267,-1,267,252,256,-1,267,256,265,-1,265,256,255,-1,265,255,264,-1,264,255,64,-1,264,64,62,-1,17,78,18,-1,18,78,77,-1,18,77,19,-1,19,77,59,-1,19,59,8,-1,8,59,57,-1,8,57,9,-1,9,57,56,-1,9,56,20,-1,20,56,61,-1,20,61,10,-1,10,61,63,-1,21,68,1,-1,1,68,65,-1,1,65,2,-1,2,65,66,-1,2,66,3,-1,3,66,67,-1,3,67,4,-1,4,67,69,-1,4,69,6,-1,6,69,70,-1,6,70,7,-1,7,70,76,-1,234,202,235,-1,235,202,203,-1,235,203,215,-1,215,203,201,-1,215,201,220,-1,220,201,200,-1,220,200,222,-1,222,200,199,-1,222,199,223,-1,223,199,198,-1,223,198,218,-1,218,198,212,-1,227,205,228,-1,228,205,204,-1,228,204,229,-1,229,204,197,-1,229,197,213,-1,213,197,196,-1,213,196,214,-1,214,196,195,-1,214,195,216,-1,216,195,187,-1,216,187,233,-1,233,187,189,-1,118,146,119,-1,119,146,147,-1,119,147,93,-1,93,147,150,-1,93,150,91,-1,91,150,149,-1,91,149,97,-1,97,149,148,-1,97,148,96,-1,96,148,139,-1,96,139,95,-1,95,139,138,-1,142,117,143,-1,143,117,92,-1,143,92,144,-1,144,92,90,-1,144,90,151,-1,151,90,87,-1,151,87,177,-1,177,87,111,-1,177,111,178,-1,178,111,100,-1,178,100,165,-1,165,100,102,-1,121,160,103,-1,103,160,170,-1,103,170,104,-1,104,170,155,-1,104,155,105,-1,105,155,154,-1,105,154,106,-1,106,154,153,-1,106,153,122,-1,122,153,152,-1,122,152,123,-1,123,152,179,-1,168,112,169,-1,169,112,120,-1,169,120,171,-1,171,120,101,-1,171,101,172,-1,172,101,99,-1,172,99,156,-1,156,99,98,-1,156,98,140,-1,140,98,86,-1,140,86,158,-1,158,86,88,-1,132,107,130,-1,132,130,183,-1,183,130,129,-1,183,129,180,-1,180,129,128,-1,180,128,181,-1,181,128,114,-1,181,114,182,-1,182,114,113,-1,182,113,173,-1,173,113,124,-1,173,124,174,-1,163,109,110,-1,163,110,164,-1,164,110,131,-1,164,131,166,-1,166,131,127,-1,166,127,167,-1,167,127,126,-1,167,126,175,-1,175,126,125,-1,175,125,176,-1,176,125,108,-1,176,108,133,-1,226,185,184,-1,226,184,225,-1,225,184,206,-1,225,206,224,-1,208,232,231,-1,208,231,209,-1,209,231,230,-1,209,230,210,-1,210,230,219,-1,210,219,211,-1,72,15,14,-1,72,14,73,-1,73,14,13,-1,73,13,75,-1,22,54,53,-1,22,53,23,-1,23,53,71,-1,23,71,24,-1,24,71,79,-1,24,79,16,-1,268,269,270,-1,270,269,271,-1,272,273,274,-1,273,275,274,-1,274,275,276,-1,274,276,277,-1,84,85,274,-1,274,85,278,-1,274,278,272,-1,279,280,281,-1,281,280,282,-1,283,284,285,-1,285,284,280,-1,285,280,286,-1,286,280,279,-1,277,191,274,-1,274,191,193,-1,274,193,280,-1,280,193,287,-1,280,287,282,-1,284,283,269,-1,269,283,271,-1,278,85,80,-1,80,85,81,-1,270,271,285,-1,285,271,283,-1,185,226,186,-1,186,226,221,-1,186,221,288,-1,288,221,289,-1,289,221,290,-1,290,221,291,-1,290,291,292,-1,284,269,280,-1,280,269,268,-1,268,293,280,-1,280,293,294,-1,280,294,295,-1,295,294,296,-1,295,296,297,-1,297,296,290,-1,297,290,298,-1,298,290,292,-1,232,208,217,-1,217,208,207,-1,299,274,300,-1,300,274,301,-1,300,301,302,-1,207,303,217,-1,217,303,304,-1,217,304,305,-1,305,304,306,-1,305,306,307,-1,307,306,300,-1,307,300,308,-1,308,300,302,-1,83,84,82,-1,82,84,274,-1,82,274,309,-1,309,274,299,-1,27,28,51,-1,51,28,49,-1,40,39,29,-1,29,39,30,-1,310,311,312,-1,15,72,5,-1,5,72,74,-1,310,312,313,-1,313,312,314,-1,313,314,35,-1,74,315,5,-1,5,315,316,-1,5,316,317,-1,317,316,312,-1,317,312,318,-1,318,312,311,-1,32,38,31,-1,31,38,35,-1,31,35,319,-1,319,35,314,-1,54,22,55,-1,55,22,0,-1,55,0,320,-1,320,0,321,-1,322,323,324,-1,324,323,325,-1,324,325,326,-1,326,325,43,-1,326,43,327,-1,50,26,43,-1,43,26,25,-1,43,25,327,-1,321,0,328,-1,328,0,329,-1,328,329,324,-1,324,329,330,-1,324,330,322,-1,221,217,305,-1,221,305,291,-1,291,305,307,-1,291,307,292,-1,292,307,308,-1,292,308,298,-1,298,308,302,-1,298,302,297,-1,297,302,301,-1,297,301,295,-1,295,301,274,-1,295,274,280,-1,0,5,317,-1,0,317,329,-1,329,317,318,-1,329,318,330,-1,330,318,311,-1,330,311,322,-1,322,311,310,-1,322,310,323,-1,323,310,313,-1,323,313,325,-1,325,313,35,-1,325,35,43,-1,331,332,328,-1,55,320,58,-1,58,320,333,-1,328,332,321,-1,332,334,321,-1,321,334,335,-1,321,335,320,-1,320,335,336,-1,320,336,333,-1,331,328,337,-1,337,328,324,-1,337,324,338,-1,338,324,326,-1,338,326,339,-1,327,25,27,-1,27,340,327,-1,327,340,341,-1,327,341,326,-1,326,341,342,-1,326,342,339,-1,29,31,343,-1,343,31,319,-1,343,319,344,-1,344,319,345,-1,345,319,314,-1,345,314,346,-1,346,314,347,-1,347,314,312,-1,347,312,348,-1,348,312,316,-1,348,316,349,-1,349,316,315,-1,349,315,350,-1,350,315,74,-1,350,74,60,-1,80,82,351,-1,351,82,309,-1,351,309,352,-1,352,309,353,-1,353,309,299,-1,353,299,354,-1,354,299,355,-1,355,299,300,-1,355,300,356,-1,356,300,357,-1,357,300,306,-1,357,306,358,-1,358,306,359,-1,359,306,304,-1,359,304,360,-1,360,304,361,-1,361,304,303,-1,361,303,362,-1,362,303,207,-1,362,207,192,-1,363,364,290,-1,186,288,194,-1,194,288,365,-1,290,364,289,-1,364,366,289,-1,289,366,367,-1,289,367,288,-1,288,367,368,-1,288,368,365,-1,363,290,369,-1,369,290,296,-1,369,296,370,-1,370,296,294,-1,370,294,371,-1,293,268,270,-1,270,372,293,-1,293,372,373,-1,293,373,294,-1,294,373,374,-1,294,374,371,-1,60,42,41,-1,60,41,350,-1,350,41,37,-1,350,37,349,-1,349,37,36,-1,349,36,348,-1,34,346,36,-1,36,346,347,-1,36,347,348,-1,33,40,29,-1,29,343,33,-1,33,343,344,-1,33,344,34,-1,34,344,345,-1,34,345,346,-1,27,51,340,-1,340,51,52,-1,340,52,341,-1,341,52,342,-1,342,52,339,-1,339,52,48,-1,339,48,338,-1,338,48,337,-1,337,48,47,-1,337,47,331,-1,331,47,332,-1,332,47,46,-1,332,46,334,-1,334,46,335,-1,335,46,45,-1,335,45,336,-1,336,45,333,-1,333,45,44,-1,333,44,58,-1,277,276,359,-1,359,360,277,-1,277,360,361,-1,277,361,191,-1,191,361,362,-1,191,362,192,-1,275,273,355,-1,355,356,275,-1,275,356,357,-1,275,357,276,-1,276,357,358,-1,276,358,359,-1,278,80,272,-1,272,80,351,-1,351,352,272,-1,272,352,353,-1,272,353,273,-1,273,353,354,-1,273,354,355,-1,270,285,372,-1,372,285,286,-1,372,286,373,-1,373,286,374,-1,374,286,371,-1,371,286,279,-1,371,279,370,-1,370,279,369,-1,369,279,281,-1,369,281,363,-1,363,281,364,-1,364,281,282,-1,364,282,366,-1,366,282,367,-1,367,282,287,-1,367,287,368,-1,368,287,365,-1,365,287,193,-1,365,193,194,-1,
        ]
    }
}